날짜,종가,시가,고가,저가,거래량
2021-04-21,225500.0,227500.0,228000.0,224000.0,848076.0
2021-04-22,226000.0,226500.0,231000.0,225500.0,1025922.0
2021-04-23,221000.0,225500.0,225500.0,220500.0,1202196.0
2021-04-26,221500.0,221500.0,222500.0,220000.0,653982.0
2021-04-27,220000.0,222000.0,222500.0,218000.0,763634.0
2021-04-28,221500.0,220000.0,223500.0,219500.0,701452.0
2021-04-29,217500.0,221000.0,221500.0,217000.0,1047837.0
2021-04-30,212000.0,216000.0,216500.0,211000.0,1168115.0
2021-05-03,218000.0,212000.0,222500.0,211000.0,1189242.0
2021-05-04,223500.0,220000.0,224500.0,217500.0,953550.0
2021-05-06,223500.0,223000.0,225000.0,221000.0,645594.0
2021-05-07,224000.0,223500.0,227000.0,221000.0,639489.0
2021-05-10,229500.0,226500.0,230000.0,225500.0,1117219.0
2021-05-11,226500.0,227000.0,228500.0,223500.0,852825.0
2021-05-12,227500.0,226500.0,233000.0,223000.0,1649500.0
2021-05-13,229500.0,224000.0,232000.0,221500.0,1593554.0
2021-05-14,229000.0,234000.0,236000.0,226500.0,1357407.0
2021-05-17,227000.0,232000.0,232500.0,225000.0,875528.0
2021-05-18,231000.0,227500.0,232500.0,226000.0,1034501.0
2021-05-20,224500.0,228500.0,230500.0,224000.0,1190072.0
2021-05-21,227500.0,227000.0,233000.0,225500.0,1333704.0
2021-05-24,228000.0,227500.0,231000.0,226000.0,765657.0
2021-05-25,227500.0,230000.0,230000.0,225000.0,781950.0
2021-05-26,223500.0,227500.0,229000.0,222500.0,1088210.0
2021-05-27,220500.0,223000.0,223500.0,220000.0,2306997.0
2021-05-28,232000.0,223500.0,232500.0,223000.0,2394356.0
2021-05-31,235000.0,233000.0,235500.0,230500.0,1132711.0
2021-06-01,237000.0,235000.0,237500.0,232500.0,1027141.0
2021-06-02,238000.0,238500.0,243000.0,235500.0,1707167.0
2021-06-03,238500.0,238500.0,240500.0,236500.0,1034103.0
2021-06-04,241500.0,241500.0,243000.0,238000.0,1333789.0
2021-06-07,241500.0,244500.0,247500.0,240500.0,1343895.0
2021-06-08,243500.0,241500.0,245000.0,238500.0,875362.0
2021-06-09,239500.0,243000.0,245500.0,239000.0,941037.0
2021-06-10,236000.0,239000.0,240000.0,236000.0,1094346.0
2021-06-11,238500.0,237500.0,241500.0,237000.0,687536.0
2021-06-14,238000.0,238500.0,240000.0,235000.0,561560.0
2021-06-15,237000.0,238000.0,239000.0,235500.0,471192.0
2021-06-16,239500.0,237000.0,243000.0,237000.0,778322.0
2021-06-17,236500.0,239000.0,239500.0,236000.0,724881.0
2021-06-18,235000.0,237000.0,238000.0,235000.0,1036077.0
2021-06-21,233000.0,234000.0,236000.0,232000.0,823355.0
2021-06-22,241000.0,235500.0,243000.0,235000.0,1299242.0
2021-06-23,242500.0,242000.0,243000.0,239000.0,843399.0
2021-06-24,242500.0,243500.0,249000.0,241000.0,1494131.0
2021-06-25,243000.0,243500.0,244000.0,241000.0,537893.0
2021-06-28,241000.0,244000.0,244500.0,240000.0,575102.0
2021-06-29,239500.0,240500.0,242500.0,239000.0,627915.0
2021-06-30,239500.0,240000.0,241000.0,238500.0,653096.0
2021-07-01,242000.0,238500.0,243000.0,236000.0,1031692.0
2021-07-02,239000.0,243500.0,243500.0,239000.0,829518.0
2021-07-05,236000.0,239000.0,240000.0,235000.0,861912.0
2021-07-06,236000.0,236500.0,238000.0,235500.0,497009.0
2021-07-07,232000.0,235000.0,235500.0,232000.0,1122107.0
2021-07-08,229500.0,232000.0,233000.0,229000.0,1241792.0
2021-07-09,226000.0,227500.0,229000.0,225000.0,1137429.0
2021-07-12,230000.0,229000.0,232000.0,228000.0,529258.0
2021-07-13,230000.0,230000.0,231500.0,229000.0,518563.0
2021-07-14,230000.0,230500.0,232500.0,228500.0,582990.0
2021-07-15,231500.0,230000.0,232500.0,229500.0,546166.0
2021-07-16,230000.0,230000.0,230500.0,228000.0,468595.0
2021-07-19,227500.0,228000.0,228500.0,227000.0,432339.0
2021-07-20,227000.0,225500.0,229500.0,225000.0,636495.0
2021-07-21,228000.0,231500.0,232000.0,227500.0,631902.0
2021-07-22,228500.0,228500.0,231500.0,227500.0,790428.0
2021-07-23,225500.0,229000.0,229000.0,224000.0,1574776.0
2021-07-26,224500.0,225500.0,226500.0,224000.0,719330.0
2021-07-27,225000.0,225500.0,226500.0,224000.0,738143.0
2021-07-28,222500.0,225000.0,225000.0,221000.0,886854.0
2021-07-29,222000.0,223000.0,224000.0,222000.0,496679.0
2021-07-30,218000.0,222000.0,222000.0,218000.0,909716.0
2021-08-02,220000.0,218000.0,220500.0,217000.0,676544.0
2021-08-03,223500.0,219000.0,223500.0,218000.0,775231.0
2021-08-04,225000.0,224000.0,225000.0,222500.0,542319.0
2021-08-05,223000.0,223000.0,224500.0,222500.0,470741.0
2021-08-06,222500.0,224500.0,225000.0,222500.0,384056.0
2021-08-09,221000.0,220500.0,222500.0,220000.0,582236.0
2021-08-10,219000.0,220500.0,221000.0,218500.0,497715.0
2021-08-11,218500.0,219000.0,220500.0,218000.0,490442.0
2021-08-12,219000.0,220000.0,224000.0,219000.0,862826.0
2021-08-13,217000.0,221500.0,221500.0,214000.0,864375.0
2021-08-17,213000.0,216000.0,217000.0,211000.0,863610.0
2021-08-18,212500.0,211000.0,214000.0,209000.0,671920.0
2021-08-19,206500.0,212500.0,212500.0,205000.0,1180734.0
2021-08-20,201500.0,207000.0,208000.0,200000.0,1310974.0
2021-08-23,204000.0,203000.0,206000.0,201500.0,848219.0
2021-08-24,209500.0,206000.0,211000.0,206000.0,745430.0
2021-08-25,209500.0,210000.0,212500.0,207500.0,477019.0
2021-08-26,210000.0,209500.0,212000.0,208000.0,417323.0
2021-08-27,208500.0,209000.0,209500.0,205000.0,502218.0
2021-08-30,210000.0,211000.0,212500.0,210000.0,409963.0
2021-08-31,212500.0,210000.0,212500.0,208000.0,777103.0
2021-09-01,215000.0,214000.0,218500.0,213500.0,855937.0
2021-09-02,211500.0,214000.0,215000.0,210000.0,656283.0
2021-09-03,214500.0,213000.0,215500.0,212000.0,739961.0
2021-09-06,215000.0,214500.0,216000.0,213500.0,389587.0
2021-09-07,212500.0,214500.0,214500.0,211500.0,434105.0
2021-09-08,213000.0,210500.0,214500.0,210000.0,593084.0
2021-09-09,208500.0,212500.0,212500.0,208000.0,780270.0
2021-09-10,206500.0,208500.0,209500.0,204000.0,678308.0
2021-09-13,205000.0,206500.0,206500.0,204000.0,590609.0
2021-09-14,209000.0,206500.0,211500.0,206000.0,721080.0
2021-09-15,209500.0,208000.0,211500.0,208000.0,472855.0
2021-09-16,208000.0,210000.0,211000.0,206500.0,416275.0
2021-09-17,209000.0,208000.0,210000.0,207000.0,698398.0
2021-09-23,208500.0,205000.0,209000.0,204500.0,525020.0
2021-09-24,207000.0,209500.0,210500.0,206000.0,413926.0
2021-09-27,204000.0,205000.0,206000.0,203500.0,584898.0
2021-09-28,201500.0,204000.0,204000.0,200500.0,719631.0
2021-09-29,201500.0,197500.0,202000.0,197500.0,934463.0
2021-09-30,200000.0,200000.0,201000.0,199000.0,594666.0
2021-10-01,193500.0,198000.0,199000.0,192000.0,1182422.0
2021-10-05,193500.0,191000.0,195000.0,189000.0,1056472.0
2021-10-06,194000.0,195000.0,197500.0,192500.0,913916.0
2021-10-07,201000.0,194500.0,203000.0,194500.0,1066226.0
2021-10-08,205000.0,203500.0,206500.0,202500.0,993219.0
2021-10-12,204500.0,205000.0,206500.0,202000.0,820163.0
2021-10-13,211000.0,206500.0,211500.0,206500.0,1169924.0
2021-10-14,209000.0,211500.0,212000.0,208000.0,863110.0
2021-10-15,208500.0,210500.0,211500.0,208000.0,530328.0
2021-10-18,209500.0,208000.0,210500.0,205000.0,607227.0
2021-10-19,209000.0,210500.0,212000.0,208000.0,428739.0
2021-10-20,209000.0,210000.0,211000.0,208000.0,472664.0
2021-10-21,207500.0,209500.0,211000.0,206000.0,775441.0
2021-10-22,207500.0,207000.0,209500.0,206000.0,362676.0
2021-10-25,211000.0,207500.0,212000.0,206000.0,649860.0
2021-10-26,213500.0,213000.0,214500.0,209000.0,782736.0
2021-10-27,213500.0,214500.0,215000.0,212500.0,606729.0
2021-10-28,210000.0,213000.0,214000.0,209500.0,633732.0
2021-10-29,208000.0,211500.0,212500.0,206500.0,667275.0
2021-11-01,208000.0,208000.0,209500.0,207000.0,395091.0
2021-11-02,210000.0,208000.0,211500.0,207500.0,417645.0
2021-11-03,208500.0,211000.0,212000.0,207000.0,476081.0
2021-11-04,214000.0,211000.0,216000.0,210000.0,1122870.0
2021-11-05,215000.0,216500.0,217000.0,214000.0,686779.0
2021-11-08,215000.0,214500.0,216500.0,212500.0,532328.0
2021-11-09,213000.0,216000.0,217000.0,212000.0,620316.0
2021-11-10,208500.0,211000.0,211500.0,206500.0,680033.0
2021-11-11,205000.0,205500.0,206500.0,203500.0,710080.0
2021-11-12,208000.0,205000.0,209500.0,205000.0,415172.0
2021-11-15,209000.0,208000.0,210000.0,207000.0,377424.0
2021-11-16,206500.0,208000.0,208000.0,205000.0,515194.0
2021-11-17,207000.0,206500.0,209000.0,203000.0,715192.0
2021-11-18,205000.0,205500.0,206500.0,204000.0,562783.0
2021-11-19,209500.0,211500.0,212500.0,208000.0,829314.0
2021-11-22,218500.0,209500.0,220000.0,207500.0,1620439.0
2021-11-23,215000.0,219000.0,219500.0,213500.0,818782.0
2021-11-24,212000.0,215500.0,216000.0,211000.0,652274.0
2021-11-25,210000.0,212500.0,212500.0,210000.0,414037.0
2021-11-26,205500.0,209500.0,210000.0,204000.0,901184.0
2021-11-29,200500.0,199500.0,203500.0,199500.0,901640.0
2021-11-30,195500.0,202000.0,203500.0,194500.0,1313581.0
2021-12-01,201000.0,198500.0,202000.0,196500.0,741594.0
2021-12-02,205500.0,198500.0,206000.0,198000.0,782923.0
2021-12-03,206000.0,205500.0,208000.0,204500.0,514358.0
2021-12-06,206500.0,204500.0,208000.0,202500.0,503652.0
2021-12-07,207500.0,206000.0,208000.0,204000.0,501624.0
2021-12-08,207500.0,210000.0,211000.0,207000.0,502904.0
2021-12-09,207000.0,207000.0,210000.0,206500.0,775215.0
2021-12-10,207500.0,207000.0,209500.0,205500.0,443350.0
2021-12-13,209000.0,210000.0,214000.0,209000.0,877690.0
2021-12-14,211000.0,208000.0,212000.0,207500.0,499536.0
2021-12-15,209000.0,210500.0,211500.0,208500.0,436219.0
2021-12-16,209500.0,211500.0,212000.0,208000.0,457620.0
2021-12-17,209500.0,208500.0,211500.0,208000.0,623863.0
2021-12-20,205000.0,209000.0,209500.0,204500.0,542620.0
2021-12-21,205000.0,206000.0,207500.0,204000.0,548609.0
2021-12-22,206500.0,207000.0,209500.0,205500.0,480545.0
2021-12-23,209000.0,208000.0,209000.0,207000.0,372738.0
2021-12-24,215500.0,210500.0,216500.0,210500.0,1024355.0
2021-12-27,213500.0,216500.0,217000.0,213500.0,530039.0
2021-12-28,214000.0,215000.0,215000.0,211500.0,880326.0
2021-12-29,212000.0,213000.0,215000.0,211500.0,659392.0
2021-12-30,209000.0,211500.0,212000.0,208500.0,581448.0
2022-01-03,210500.0,211500.0,212500.0,209000.0,468732.0
2022-01-04,210000.0,212500.0,212500.0,208500.0,499857.0
2022-01-05,213500.0,214000.0,217500.0,212000.0,1175411.0
2022-01-06,214000.0,210000.0,216500.0,210000.0,866582.0
2022-01-07,215000.0,214500.0,216500.0,213500.0,577852.0
2022-01-10,209500.0,214000.0,215000.0,209000.0,744261.0
2022-01-11,210500.0,209500.0,211500.0,209000.0,482235.0
2022-01-12,211500.0,211500.0,213000.0,210500.0,470451.0
2022-01-13,210000.0,211500.0,213000.0,210000.0,499094.0
2022-01-14,209000.0,209500.0,211000.0,208000.0,406569.0
2022-01-17,205000.0,208500.0,209000.0,202500.0,724213.0
2022-01-18,202500.0,206000.0,206000.0,201500.0,580959.0
2022-01-19,200500.0,200500.0,203500.0,200000.0,525014.0
2022-01-20,202000.0,200500.0,202500.0,199500.0,451581.0
2022-01-21,200000.0,199500.0,201000.0,198500.0,513891.0
2022-01-24,197000.0,197500.0,200000.0,195000.0,659010.0
2022-01-25,194500.0,196500.0,197000.0,190000.0,1174185.0
2022-01-26,190000.0,193000.0,194500.0,189500.0,1191581.0
2022-01-27,186500.0,190000.0,191500.0,185500.0,1072651.0
2022-01-28,189500.0,186500.0,190500.0,180000.0,1415358.0
2022-02-03,191500.0,193000.0,195500.0,191500.0,837241.0
2022-02-04,190000.0,190500.0,192000.0,188000.0,837609.0
2022-02-07,186500.0,189500.0,190000.0,184500.0,829365.0
2022-02-08,184500.0,186500.0,188000.0,183500.0,1150733.0
2022-02-09,185000.0,186000.0,186000.0,182500.0,1015966.0
2022-02-10,185500.0,186000.0,187000.0,182500.0,1280607.0
2022-02-11,183000.0,183000.0,184500.0,181000.0,1001635.0
2022-02-14,176500.0,179500.0,181000.0,176000.0,1380176.0
2022-02-15,180500.0,177000.0,183000.0,176500.0,961742.0
2022-02-16,182000.0,184500.0,185500.0,181000.0,561867.0
2022-02-17,183500.0,183000.0,186000.0,181000.0,767679.0
2022-02-18,183500.0,181000.0,184000.0,180500.0,426090.0
2022-02-21,185000.0,180500.0,185500.0,179500.0,463279.0
2022-02-22,181500.0,180500.0,183000.0,180000.0,572593.0
2022-02-23,180500.0,182500.0,183000.0,179500.0,549304.0
2022-02-24,173000.0,178500.0,179000.0,171000.0,1722526.0
2022-02-25,174000.0,175000.0,175500.0,171500.0,949885.0
2022-02-28,175000.0,171000.0,175000.0,168000.0,1247805.0
2022-03-02,170500.0,171500.0,172500.0,169500.0,1384049.0
2022-03-03,177500.0,173500.0,179000.0,173000.0,1244300.0
2022-03-04,172500.0,176500.0,177500.0,172500.0,868483.0
2022-03-07,168000.0,170000.0,171000.0,165500.0,1439259.0
2022-03-08,168000.0,164000.0,170500.0,163500.0,728464.0
2022-03-10,169000.0,171500.0,172000.0,167500.0,1082310.0
2022-03-11,169000.0,169000.0,169500.0,165500.0,774655.0
2022-03-14,164500.0,166500.0,167500.0,163000.0,1112790.0
2022-03-15,163000.0,164000.0,165500.0,162000.0,878905.0
2022-03-16,168000.0,165000.0,168500.0,163000.0,863044.0
2022-03-17,168500.0,172500.0,173000.0,168500.0,945451.0
2022-03-18,171000.0,171500.0,171500.0,169500.0,782119.0
2022-03-21,168500.0,171500.0,172000.0,168500.0,582102.0
2022-03-22,173500.0,169000.0,174500.0,169000.0,1166430.0
2022-03-23,176000.0,175000.0,177500.0,174000.0,952954.0
2022-03-24,176000.0,174000.0,177000.0,173500.0,709518.0
2022-03-25,174000.0,176500.0,176500.0,173000.0,563456.0
2022-03-28,174500.0,172000.0,175500.0,171000.0,459678.0
2022-03-29,176500.0,176000.0,178000.0,174000.0,545335.0
2022-03-30,181000.0,180000.0,183000.0,179500.0,1082135.0
2022-03-31,180500.0,180500.0,181000.0,179000.0,576522.0
2022-04-01,178000.0,178000.0,178500.0,177000.0,470770.0
2022-04-04,178000.0,177000.0,179000.0,174500.0,509106.0
2022-04-05,179000.0,178500.0,180000.0,177000.0,426072.0
2022-04-06,180000.0,177000.0,182000.0,176500.0,641803.0
2022-04-07,178500.0,180000.0,182000.0,178500.0,778374.0
2022-04-08,176500.0,178000.0,179000.0,175500.0,458780.0
2022-04-11,179500.0,176000.0,181000.0,175500.0,641674.0
2022-04-12,178000.0,179000.0,180500.0,176500.0,626266.0
2022-04-13,181000.0,179500.0,181000.0,178500.0,498547.0
2022-04-14,177500.0,181000.0,182000.0,176500.0,898024.0
2022-04-15,177000.0,176500.0,178000.0,175500.0,559522.0
2022-04-18,178500.0,176000.0,178500.0,175500.0,275773.0
2022-04-19,181000.0,178500.0,181500.0,178000.0,623880.0
2022-04-20,183000.0,181000.0,184000.0,180000.0,814107.0
2022-04-21,183000.0,184000.0,184500.0,182500.0,657116.0
2022-04-22,180000.0,181500.0,182500.0,179000.0,852781.0
2022-04-25,182000.0,177000.0,184500.0,176500.0,1504197.0
2022-04-26,187000.0,187000.0,191000.0,186500.0,2313611.0
2022-04-27,187000.0,184000.0,188500.0,183000.0,1152068.0
2022-04-28,188500.0,188000.0,189000.0,186000.0,705457.0
2022-04-29,186000.0,187000.0,188000.0,184000.0,767005.0
2022-05-02,187000.0,184000.0,188000.0,184000.0,496083.0
2022-05-03,183500.0,185500.0,186500.0,182500.0,662535.0
2022-05-04,184000.0,183500.0,184500.0,182000.0,347996.0
2022-05-06,182500.0,181500.0,183500.0,181000.0,375723.0
2022-05-09,181500.0,182000.0,183500.0,180500.0,504477.0
2022-05-10,180500.0,180500.0,181500.0,176000.0,774377.0
2022-05-11,183000.0,178500.0,184500.0,178000.0,724251.0
2022-05-12,180500.0,181000.0,183500.0,180000.0,691192.0
2022-05-13,186500.0,182000.0,187000.0,181500.0,924029.0
2022-05-16,184000.0,188500.0,189500.0,183500.0,548683.0
2022-05-17,185500.0,185500.0,186500.0,182500.0,530263.0
2022-05-18,185500.0,187000.0,187500.0,183500.0,541137.0
2022-05-19,182000.0,181500.0,183500.0,181000.0,542030.0
2022-05-20,186500.0,183500.0,186500.0,183000.0,469517.0
2022-05-23,188000.0,188500.0,189000.0,186500.0,436270.0
2022-05-24,185000.0,187000.0,188000.0,183500.0,431231.0
2022-05-25,183500.0,186000.0,186000.0,182000.0,482136.0
2022-05-26,184000.0,183500.0,186000.0,183000.0,428541.0
2022-05-27,185500.0,186500.0,186500.0,184500.0,334939.0
2022-05-30,187500.0,187500.0,188000.0,185500.0,368902.0
2022-05-31,189500.0,187000.0,189500.0,187000.0,916327.0
2022-06-02,187500.0,189000.0,189000.0,186500.0,387758.0
2022-06-03,187000.0,188500.0,189000.0,185000.0,400003.0
2022-06-07,183500.0,186000.0,186500.0,183000.0,621262.0
2022-06-08,183000.0,183500.0,185000.0,182000.0,556940.0
2022-06-09,182500.0,183000.0,183500.0,180500.0,656175.0
2022-06-10,184500.0,181500.0,185000.0,180500.0,571131.0
2022-06-13,175000.0,180000.0,181500.0,173000.0,1193167.0
2022-06-14,171500.0,171500.0,172500.0,169000.0,1122467.0
2022-06-15,174000.0,173500.0,179000.0,171500.0,995832.0
2022-06-16,173000.0,177000.0,177500.0,172500.0,619047.0
2022-06-17,170000.0,168000.0,172000.0,168000.0,784685.0
2022-06-20,170500.0,172500.0,173000.0,168500.0,518566.0
2022-06-21,172500.0,171500.0,175000.0,170000.0,532008.0
2022-06-22,171500.0,174500.0,175000.0,171000.0,633838.0
2022-06-23,171000.0,171500.0,174000.0,170000.0,807430.0
2022-06-24,173000.0,170500.0,175000.0,170500.0,472975.0
2022-06-27,183000.0,177000.0,185000.0,176500.0,1348957.0
2022-06-28,186000.0,183500.0,189000.0,183500.0,1021549.0
2022-06-29,175500.0,180000.0,181000.0,172500.0,2543120.0
2022-06-30,180500.0,176500.0,184500.0,175500.0,1651221.0
2022-07-01,180000.0,181500.0,185000.0,179500.0,916020.0
2022-07-04,178000.0,181000.0,183000.0,175000.0,1006440.0
2022-07-05,177500.0,180000.0,181000.0,173500.0,1097504.0
2022-07-06,172500.0,176000.0,177000.0,172000.0,924184.0
2022-07-07,175000.0,175000.0,177000.0,172500.0,536363.0
2022-07-08,178000.0,177500.0,180500.0,177000.0,824702.0
2022-07-11,179000.0,180000.0,182000.0,179000.0,660814.0
2022-07-12,179000.0,180000.0,181500.0,177000.0,539027.0
2022-07-13,183500.0,180000.0,185000.0,178500.0,941277.0
2022-07-14,182500.0,183000.0,184500.0,180500.0,780637.0
2022-07-15,183500.0,183000.0,184500.0,178500.0,768143.0
2022-07-18,185500.0,187000.0,188500.0,183500.0,699961.0
2022-07-19,188500.0,185000.0,189000.0,184500.0,868892.0
2022-07-20,189000.0,191500.0,191500.0,188500.0,985986.0
2022-07-21,189000.0,189000.0,193500.0,185500.0,2136819.0
2022-07-22,191000.0,191000.0,193000.0,188000.0,1378005.0
2022-07-25,196000.0,192500.0,198500.0,192500.0,1352264.0
2022-07-26,196000.0,196000.0,196500.0,192500.0,735482.0
2022-07-27,196000.0,196000.0,197000.0,193000.0,608998.0
2022-07-28,195000.0,198000.0,198000.0,194000.0,757504.0
2022-07-29,196000.0,196000.0,197000.0,194000.0,844829.0
2022-08-01,196000.0,196000.0,198000.0,195000.0,601112.0
2022-08-02,196500.0,196500.0,197000.0,193500.0,721088.0
2022-08-03,197000.0,197000.0,198000.0,196000.0,683572.0
2022-08-04,196500.0,198000.0,198500.0,194500.0,622111.0
2022-08-05,194500.0,196000.0,197500.0,193500.0,919482.0
2022-08-08,196000.0,193500.0,196000.0,193000.0,635689.0
2022-08-09,193500.0,195500.0,196000.0,191000.0,962838.0
2022-08-10,192500.0,193000.0,194500.0,192000.0,510243.0
2022-08-11,193000.0,195000.0,195000.0,192500.0,731121.0
2022-08-12,196000.0,193500.0,197500.0,193500.0,627417.0
2022-08-16,197500.0,198000.0,199500.0,196000.0,505801.0
2022-08-17,190000.0,195000.0,196500.0,188000.0,1410422.0
2022-08-18,186000.0,186500.0,187500.0,184000.0,1438270.0
2022-08-19,190000.0,187000.0,191500.0,186500.0,770986.0
2022-08-22,189000.0,187500.0,192000.0,187000.0,532730.0
2022-08-23,189000.0,189000.0,193000.0,188000.0,711974.0
2022-08-24,188000.0,190000.0,191000.0,185500.0,700265.0
2022-08-25,192000.0,189000.0,192500.0,188500.0,561737.0
2022-08-26,193500.0,192500.0,194000.0,191500.0,473581.0
2022-08-29,188500.0,188500.0,189000.0,186500.0,601747.0
2022-08-30,195500.0,190500.0,196000.0,190500.0,891335.0
2022-08-31,196000.0,195000.0,197500.0,194500.0,762426.0
2022-09-01,195500.0,193500.0,197500.0,191000.0,785337.0
2022-09-02,196500.0,199000.0,203500.0,196000.0,1401989.0
2022-09-05,200000.0,197500.0,201000.0,197500.0,886938.0
2022-09-06,201000.0,200500.0,201000.0,198000.0,591596.0
2022-09-07,202000.0,201000.0,203000.0,199000.0,758254.0
2022-09-08,200000.0,202500.0,203000.0,198500.0,860563.0
2022-09-13,200500.0,200500.0,201500.0,198000.0,910285.0
2022-09-14,198500.0,197000.0,200000.0,196000.0,668955.0
2022-09-15,198000.0,199000.0,201000.0,198000.0,404656.0
2022-09-16,201000.0,199500.0,202500.0,199000.0,911954.0
2022-09-19,201500.0,201500.0,202000.0,198000.0,693456.0
2022-09-20,198500.0,202500.0,202500.0,198500.0,692217.0
2022-09-21,197000.0,197000.0,197500.0,194500.0,622478.0
2022-09-22,193500.0,194500.0,197000.0,192500.0,540322.0
2022-09-23,190500.0,194000.0,195500.0,190500.0,680644.0
2022-09-26,182500.0,187000.0,187500.0,180500.0,1609911.0
2022-09-27,186000.0,182500.0,186000.0,182000.0,890612.0
2022-09-28,179500.0,184000.0,184500.0,177500.0,1163914.0
2022-09-29,181500.0,182500.0,184000.0,181000.0,714142.0
2022-09-30,176500.0,181000.0,183000.0,174000.0,1005125.0
2022-10-04,179500.0,179000.0,183000.0,177500.0,831935.0
2022-10-05,177000.0,183500.0,184000.0,172000.0,1144019.0
2022-10-06,178000.0,178500.0,179500.0,175000.0,611007.0
2022-10-07,175500.0,176500.0,176500.0,174000.0,608384.0
2022-10-11,168000.0,170000.0,170500.0,166000.0,1145441.0
2022-10-12,168000.0,166500.0,169500.0,165500.0,821753.0
2022-10-13,164500.0,167500.0,168000.0,164500.0,691537.0
2022-10-14,167000.0,167000.0,168000.0,165000.0,657249.0
2022-10-17,167000.0,166000.0,168500.0,164000.0,665601.0
2022-10-18,168000.0,170500.0,171500.0,165000.0,1286984.0
2022-10-19,168000.0,166000.0,172500.0,166000.0,1111330.0
2022-10-20,168500.0,168500.0,169500.0,166500.0,692203.0
2022-10-21,167000.0,169000.0,169500.0,165500.0,695788.0
2022-10-24,161500.0,169000.0,169500.0,161500.0,1443569.0
2022-10-25,162500.0,162500.0,163000.0,160000.0,967860.0
2022-10-26,160500.0,163000.0,164000.0,160000.0,1023919.0
2022-10-27,162000.0,161000.0,163500.0,160500.0,876823.0
2022-10-28,164000.0,162000.0,166000.0,161500.0,752111.0
2022-10-31,164500.0,166000.0,166500.0,162000.0,622380.0
2022-11-01,164500.0,163500.0,165000.0,162000.0,628185.0
2022-11-02,165000.0,164500.0,165000.0,162000.0,941434.0
2022-11-03,162000.0,162500.0,163000.0,160500.0,1008989.0
2022-11-04,163000.0,162000.0,164000.0,161500.0,522276.0
2022-11-07,169500.0,166500.0,170000.0,165500.0,1126417.0
2022-11-08,170000.0,171500.0,172000.0,167500.0,804889.0
2022-11-09,169500.0,170500.0,172000.0,167000.0,953568.0
2022-11-10,169500.0,167000.0,173000.0,166500.0,1018720.0
2022-11-11,172000.0,174500.0,175500.0,171000.0,980474.0
2022-11-14,176000.0,174500.0,179500.0,174000.0,1379189.0
2022-11-15,174500.0,176500.0,177000.0,173000.0,838806.0
2022-11-16,172000.0,175000.0,175500.0,170500.0,642717.0
2022-11-17,170000.0,171000.0,172500.0,169500.0,502812.0
2022-11-18,169500.0,170000.0,173000.0,169500.0,559141.0
2022-11-21,168000.0,169500.0,170000.0,166500.0,517728.0
2022-11-22,165500.0,167500.0,168000.0,165000.0,454542.0
2022-11-23,166000.0,166500.0,167500.0,164000.0,449446.0
2022-11-24,167500.0,168000.0,168500.0,166500.0,323362.0
2022-11-25,166000.0,168000.0,168500.0,166000.0,356637.0
2022-11-28,167500.0,166000.0,169500.0,164000.0,551024.0
2022-11-29,169000.0,168000.0,169500.0,167000.0,341427.0
2022-11-30,169000.0,169000.0,170500.0,168500.0,633720.0
2022-12-01,171500.0,172000.0,173000.0,170500.0,499538.0
2022-12-02,169000.0,172000.0,172500.0,168500.0,453689.0
2022-12-05,165500.0,169500.0,170000.0,164500.0,788455.0
2022-12-06,164500.0,164000.0,165000.0,162500.0,434862.0
2022-12-07,163000.0,163500.0,165000.0,163000.0,379112.0
2022-12-08,162000.0,163500.0,163500.0,161000.0,703551.0
2022-12-09,162500.0,163500.0,164000.0,162000.0,464194.0
2022-12-12,163500.0,162000.0,163500.0,162000.0,232963.0
2022-12-13,159500.0,164000.0,164000.0,158000.0,756323.0
2022-12-14,163500.0,160000.0,165000.0,159500.0,614474.0
2022-12-15,162000.0,162500.0,165000.0,162000.0,383741.0
2022-12-16,162500.0,160000.0,163000.0,160000.0,446581.0
2022-12-19,159000.0,160500.0,161500.0,157500.0,734465.0
2022-12-20,157000.0,158000.0,158500.0,154500.0,1039931.0
2022-12-21,156000.0,157000.0,157500.0,155500.0,531850.0
2022-12-22,158500.0,156500.0,159500.0,156500.0,452454.0
2022-12-23,157000.0,157000.0,158000.0,155500.0,336597.0
2022-12-26,158000.0,157000.0,159000.0,157000.0,387872.0
2022-12-27,158000.0,158500.0,160000.0,157000.0,637139.0
2022-12-28,154000.0,156000.0,156500.0,154000.0,556921.0
2022-12-29,151000.0,153000.0,154000.0,150500.0,552974.0
2023-01-02,157000.0,154000.0,161000.0,154000.0,1132256.0
2023-01-03,159000.0,158500.0,160500.0,156000.0,787752.0
2023-01-04,160500.0,157500.0,161000.0,157500.0,463444.0
2023-01-05,159000.0,161000.0,161500.0,158000.0,577152.0
2023-01-06,159500.0,157500.0,161500.0,157500.0,502420.0
2023-01-09,164000.0,161000.0,164500.0,160000.0,614204.0
2023-01-10,163000.0,162500.0,164000.0,161500.0,414613.0
2023-01-11,164000.0,163500.0,165000.0,163000.0,367725.0
2023-01-12,166500.0,166000.0,168000.0,164500.0,869403.0
2023-01-13,169000.0,167500.0,170000.0,167000.0,707095.0
2023-01-16,166500.0,166500.0,167500.0,163500.0,797353.0
2023-01-17,166000.0,166500.0,167000.0,164500.0,452113.0
2023-01-18,164500.0,166500.0,166500.0,162500.0,499603.0
2023-01-19,164000.0,162000.0,164000.0,162000.0,353522.0
2023-01-20,164500.0,163000.0,164500.0,163000.0,296063.0
2023-01-25,165700.0,166100.0,166500.0,165200.0,359163.0
2023-01-26,174900.0,166600.0,176200.0,166600.0,1692960.0
2023-01-27,173900.0,177000.0,177600.0,173300.0,1174428.0
2023-01-30,170000.0,174400.0,175700.0,169400.0,831088.0
2023-01-31,167000.0,169000.0,170400.0,167000.0,698589.0
2023-02-01,170000.0,169200.0,171500.0,168700.0,599556.0
2023-02-02,169900.0,171500.0,172900.0,169300.0,548264.0
2023-02-03,172800.0,170100.0,174500.0,169600.0,770290.0
2023-02-06,170700.0,174000.0,174700.0,170700.0,582407.0
2023-02-07,170500.0,171000.0,171200.0,169500.0,533337.0
2023-02-08,172700.0,171500.0,173000.0,170200.0,442701.0
2023-02-09,172600.0,171900.0,174000.0,171500.0,583923.0
2023-02-10,173400.0,171600.0,173500.0,171100.0,372830.0
2023-02-13,171600.0,172700.0,174300.0,171300.0,373651.0
2023-02-14,173700.0,172900.0,175700.0,172700.0,502938.0
2023-02-15,172700.0,174600.0,175300.0,171800.0,451687.0
2023-02-16,179300.0,173400.0,180000.0,173300.0,1070527.0
2023-02-17,179000.0,177400.0,179800.0,177000.0,457976.0
2023-02-20,178200.0,179400.0,179400.0,176600.0,404747.0
2023-02-21,178200.0,178500.0,179000.0,175500.0,454862.0
2023-02-22,174200.0,175800.0,176900.0,174000.0,432567.0
2023-02-23,176200.0,174400.0,178600.0,174300.0,446435.0
2023-02-24,173900.0,176200.0,177300.0,173800.0,382070.0
2023-02-27,173300.0,173100.0,173600.0,170200.0,427027.0
2023-02-28,176300.0,174100.0,178100.0,174000.0,824763.0
2023-03-02,178500.0,176500.0,179800.0,176500.0,747929.0
2023-03-03,176100.0,177500.0,178200.0,175000.0,549203.0
2023-03-06,177500.0,177800.0,178500.0,176000.0,547005.0
2023-03-07,175100.0,176500.0,177500.0,175100.0,462996.0
2023-03-08,174900.0,174300.0,176100.0,174100.0,497195.0
2023-03-09,176300.0,176600.0,180400.0,175700.0,808110.0
2023-03-10,175000.0,174700.0,176700.0,174600.0,443221.0
2023-03-13,176000.0,174400.0,176300.0,173500.0,529759.0
2023-03-14,171000.0,175200.0,175900.0,170500.0,589581.0
2023-03-15,174300.0,172700.0,175500.0,172700.0,481716.0
2023-03-16,174000.0,172800.0,174800.0,171800.0,392030.0
2023-03-17,176600.0,175200.0,176600.0,173200.0,507745.0
2023-03-20,175100.0,176500.0,177000.0,174800.0,366357.0
2023-03-21,175800.0,175900.0,176900.0,174800.0,297779.0
2023-03-22,180300.0,177000.0,180500.0,176700.0,718542.0
2023-03-23,180500.0,179300.0,182400.0,178700.0,591091.0
2023-03-24,177700.0,180600.0,180600.0,175300.0,649952.0
2023-03-27,176100.0,177700.0,177700.0,174800.0,402749.0
2023-03-28,177100.0,177100.0,178300.0,175800.0,341408.0
2023-03-29,180400.0,175800.0,180700.0,175800.0,571771.0
2023-03-30,181200.0,179200.0,181900.0,178800.0,525981.0
2023-03-31,184500.0,182000.0,184900.0,181900.0,668373.0
2023-04-03,183600.0,184600.0,185500.0,182300.0,534323.0
2023-04-04,183800.0,184000.0,186500.0,183300.0,510739.0
2023-04-05,186700.0,185100.0,187200.0,184000.0,509578.0
2023-04-06,185100.0,186900.0,189400.0,184700.0,667512.0
2023-04-07,185100.0,185400.0,186500.0,184600.0,435717.0
2023-04-10,185900.0,186000.0,188500.0,184200.0,480371.0
2023-04-11,192100.0,186600.0,192400.0,185100.0,1067237.0
2023-04-12,198200.0,195000.0,199500.0,194600.0,1517626.0
2023-04-13,198900.0,199000.0,199900.0,196200.0,824006.0
2023-04-14,196100.0,199500.0,199700.0,196000.0,670548.0
2023-04-17,195000.0,195400.0,196100.0,193800.0,497443.0
2023-04-18,191400.0,192700.0,193000.0,188200.0,961739.0
2023-04-19,193600.0,191400.0,194200.0,190300.0,571094.0
2023-04-20,192500.0,193000.0,194100.0,191400.0,423616.0
2023-04-21,190400.0,191100.0,191800.0,188300.0,454248.0
2023-04-24,191900.0,190600.0,193100.0,190600.0,434584.0
2023-04-25,201000.0,193000.0,201500.0,191200.0,2084924.0
2023-04-26,201500.0,205500.0,207500.0,199900.0,2214068.0
2023-04-27,202000.0,201500.0,205000.0,200500.0,976414.0
2023-04-28,197500.0,203000.0,203500.0,196200.0,1056770.0
2023-05-02,201500.0,198500.0,202000.0,197700.0,573959.0
2023-05-03,201000.0,200500.0,202000.0,198500.0,460771.0
2023-05-04,199200.0,200000.0,201000.0,197400.0,472704.0
2023-05-08,202500.0,201000.0,203000.0,200000.0,590557.0
2023-05-09,205000.0,202000.0,205500.0,199900.0,704155.0
2023-05-10,210000.0,206000.0,211000.0,205000.0,1476327.0
2023-05-11,208000.0,211500.0,211500.0,208000.0,919476.0
2023-05-12,208500.0,207000.0,209500.0,205500.0,539737.0
2023-05-15,208000.0,207000.0,209000.0,204000.0,594282.0
2023-05-16,202500.0,206500.0,207500.0,201000.0,874247.0
2023-05-17,204500.0,202500.0,205500.0,202500.0,550297.0
2023-05-18,206500.0,207000.0,207000.0,205000.0,476896.0
2023-05-19,205500.0,206000.0,207500.0,204000.0,528680.0
2023-05-22,207500.0,206000.0,208500.0,204500.0,469209.0
2023-05-23,207500.0,209000.0,209000.0,207000.0,356438.0
2023-05-24,207500.0,206000.0,208000.0,205500.0,305061.0
2023-05-25,203500.0,206000.0,206500.0,203000.0,528730.0
2023-05-26,205500.0,204500.0,205500.0,201000.0,596247.0
2023-05-30,200500.0,207000.0,207000.0,200000.0,861994.0
2023-05-31,200000.0,200500.0,203000.0,200000.0,879887.0
2023-06-01,197500.0,199800.0,199800.0,196300.0,791585.0
2023-06-02,199500.0,198500.0,199800.0,198100.0,418613.0
2023-06-05,201000.0,201500.0,203500.0,200000.0,454150.0
2023-06-07,196400.0,202500.0,203000.0,195400.0,960900.0
2023-06-08,196700.0,195500.0,197200.0,194000.0,928559.0
2023-06-09,197100.0,197400.0,198300.0,196300.0,421616.0
2023-06-12,196200.0,197500.0,198500.0,195100.0,429448.0
2023-06-13,198000.0,196700.0,198200.0,196200.0,474628.0
2023-06-14,201000.0,198800.0,201500.0,198500.0,662184.0
2023-06-15,199700.0,201500.0,202000.0,199400.0,354685.0
2023-06-16,199400.0,201000.0,201500.0,198000.0,548562.0
2023-06-19,199300.0,198000.0,199400.0,197000.0,375749.0
2023-06-20,197900.0,198300.0,199000.0,197000.0,331277.0
2023-06-21,204000.0,197900.0,205000.0,196300.0,1028131.0
2023-06-22,202000.0,202500.0,203500.0,200500.0,392056.0
2023-06-23,199900.0,201000.0,202000.0,199000.0,349362.0
2023-06-26,200500.0,199900.0,202500.0,199900.0,307090.0
2023-06-27,206000.0,201000.0,206000.0,201000.0,806971.0
2023-06-28,206000.0,206000.0,206500.0,203000.0,630872.0
2023-06-29,204500.0,205500.0,206000.0,204000.0,320058.0
2023-06-30,206500.0,204500.0,209000.0,204500.0,563079.0
2023-07-03,208500.0,207500.0,208500.0,205500.0,545516.0
2023-07-04,208000.0,208500.0,210000.0,206500.0,424908.0
2023-07-05,205500.0,208000.0,209500.0,204500.0,586067.0
2023-07-06,206500.0,204000.0,208500.0,204000.0,643771.0
2023-07-07,204000.0,205500.0,206000.0,202500.0,476427.0
2023-07-10,205500.0,205000.0,208000.0,202000.0,511222.0
2023-07-11,207000.0,206500.0,208000.0,205000.0,538193.0
2023-07-12,203500.0,206000.0,206500.0,202500.0,503118.0
2023-07-13,203500.0,205000.0,205000.0,203000.0,540814.0
2023-07-14,208500.0,204500.0,209000.0,204500.0,655619.0
2023-07-17,203500.0,207000.0,208500.0,203500.0,517107.0
2023-07-18,201500.0,204000.0,205000.0,201000.0,501091.0
2023-07-19,202000.0,201500.0,203500.0,200000.0,491509.0
2023-07-20,200500.0,202000.0,204000.0,200000.0,531811.0
2023-07-21,200000.0,199700.0,201000.0,198200.0,508793.0
2023-07-24,199200.0,199100.0,200500.0,197600.0,614300.0
2023-07-25,200500.0,199900.0,202500.0,199200.0,492019.0
2023-07-26,198700.0,201000.0,202000.0,195000.0,1347123.0
2023-07-27,197800.0,202500.0,203000.0,194000.0,1244827.0
2023-07-28,196800.0,196500.0,201500.0,196500.0,782058.0
2023-07-31,196000.0,198000.0,198200.0,195100.0,678535.0
2023-08-01,199400.0,195200.0,199600.0,194600.0,698965.0
2023-08-02,192500.0,197800.0,198800.0,192400.0,917045.0
2023-08-03,191700.0,192500.0,194300.0,190800.0,531818.0
2023-08-04,192200.0,191600.0,193400.0,190500.0,378998.0
2023-08-07,188000.0,191000.0,191100.0,187300.0,842043.0
2023-08-08,188400.0,188000.0,190500.0,187700.0,557129.0
2023-08-09,189400.0,188400.0,189800.0,187500.0,366474.0
2023-08-10,188400.0,189000.0,190300.0,188100.0,489856.0
2023-08-11,190500.0,188900.0,193200.0,188400.0,529916.0
2023-08-14,188800.0,190000.0,190500.0,188300.0,297138.0
2023-08-16,185800.0,186900.0,188100.0,185300.0,563291.0
2023-08-17,184800.0,184900.0,185500.0,182600.0,458036.0
2023-08-18,186100.0,182600.0,187500.0,182600.0,420787.0
2023-08-21,186100.0,187000.0,187200.0,185300.0,279766.0
2023-08-22,187900.0,186200.0,187900.0,186200.0,297596.0
2023-08-23,187500.0,186500.0,188700.0,186000.0,252159.0
2023-08-24,186400.0,188300.0,189300.0,186000.0,320108.0
2023-08-25,186200.0,184200.0,187000.0,184200.0,368503.0
2023-08-28,185400.0,186200.0,186900.0,184700.0,300125.0
2023-08-29,186700.0,185500.0,188200.0,185400.0,321448.0
2023-08-30,187800.0,188600.0,189300.0,187800.0,331121.0
2023-08-31,189100.0,187800.0,189100.0,186200.0,590270.0
2023-09-01,187400.0,188000.0,188900.0,186700.0,281460.0
2023-09-04,187300.0,186400.0,187400.0,185600.0,307475.0
2023-09-05,186600.0,186500.0,186900.0,185600.0,290618.0
2023-09-06,186700.0,186000.0,188300.0,186000.0,259552.0
2023-09-07,187200.0,185500.0,187200.0,185400.0,299030.0
2023-09-08,185700.0,187500.0,187500.0,185200.0,192047.0
2023-09-11,185500.0,185700.0,186300.0,184400.0,195283.0
2023-09-12,186200.0,186500.0,188400.0,185600.0,273908.0
2023-09-13,189800.0,187300.0,190700.0,187200.0,579550.0
2023-09-14,190700.0,191200.0,191200.0,188600.0,627998.0
2023-09-15,192200.0,190700.0,192700.0,189100.0,526604.0
2023-09-18,191000.0,191200.0,192200.0,190200.0,289943.0
2023-09-19,190000.0,191500.0,193200.0,190000.0,289352.0
2023-09-20,194900.0,190600.0,196000.0,190000.0,636780.0
2023-09-21,191900.0,194400.0,194500.0,191600.0,327599.0
2023-09-22,191500.0,189600.0,192400.0,189200.0,326229.0
2023-09-25,192900.0,191700.0,193500.0,189600.0,346374.0
2023-09-26,190700.0,191600.0,192900.0,189900.0,302642.0
2023-09-27,191100.0,189200.0,192400.0,189000.0,367983.0
2023-10-04,190800.0,188000.0,193200.0,187100.0,641075.0
2023-10-05,190500.0,190900.0,192200.0,189500.0,396264.0
2023-10-06,192200.0,191000.0,192600.0,189600.0,345787.0
2023-10-10,188400.0,192700.0,192800.0,187700.0,575373.0
2023-10-11,189400.0,189000.0,191400.0,189000.0,490998.0
2023-10-12,188000.0,189600.0,189800.0,187700.0,451893.0
2023-10-13,187100.0,187500.0,188400.0,187100.0,254250.0
2023-10-16,186800.0,186900.0,188300.0,186500.0,291429.0
2023-10-17,188500.0,188300.0,189300.0,187100.0,423633.0
2023-10-18,191800.0,190400.0,193000.0,189500.0,532948.0
2023-10-19,188900.0,189900.0,190800.0,188800.0,408555.0
2023-10-20,183500.0,187800.0,188600.0,183500.0,602367.0
2023-10-23,185400.0,184200.0,186100.0,183800.0,286602.0
2023-10-24,182800.0,186900.0,187000.0,181400.0,418638.0
2023-10-25,182000.0,182700.0,183700.0,182000.0,374888.0
2023-10-26,179500.0,180300.0,182500.0,178500.0,651245.0
2023-10-27,175600.0,181200.0,182900.0,174600.0,787539.0
2023-10-30,172500.0,175000.0,176300.0,171400.0,726773.0
2023-10-31,169700.0,174300.0,175900.0,169300.0,697296.0
2023-11-01,170300.0,170800.0,171500.0,169400.0,450423.0
2023-11-02,172000.0,172000.0,175100.0,171500.0,661435.0
2023-11-03,173400.0,175000.0,175400.0,172700.0,431491.0
2023-11-06,177900.0,175400.0,177900.0,174900.0,661383.0
2023-11-07,176100.0,177500.0,177500.0,174200.0,532443.0
2023-11-08,174800.0,177900.0,179000.0,174500.0,395162.0
2023-11-09,174700.0,174700.0,175700.0,174200.0,384071.0
2023-11-10,173700.0,173800.0,175300.0,173500.0,255065.0
2023-11-13,173300.0,175000.0,175000.0,172800.0,348523.0
2023-11-14,175200.0,174900.0,175900.0,173900.0,329429.0
2023-11-15,182500.0,178700.0,182600.0,178600.0,806741.0
2023-11-16,184800.0,182500.0,186400.0,181800.0,432174.0
2023-11-17,184400.0,185900.0,185900.0,183500.0,259919.0
2023-11-20,183600.0,184400.0,184900.0,182100.0,277906.0
2023-11-21,184200.0,184700.0,184800.0,183500.0,252833.0
2023-11-22,183000.0,182300.0,183400.0,181200.0,219027.0
2023-11-23,184800.0,183600.0,185000.0,182400.0,240354.0
2023-11-24,184000.0,184600.0,185600.0,183900.0,161656.0
2023-11-27,184900.0,184000.0,185700.0,184000.0,188306.0
2023-11-28,185700.0,185900.0,185900.0,183600.0,269820.0
2023-11-29,184800.0,185700.0,186500.0,184700.0,298485.0
2023-11-30,184300.0,184200.0,184900.0,182100.0,574490.0
2023-12-01,182800.0,183300.0,183800.0,181700.0,304309.0
2023-12-04,181600.0,183900.0,184100.0,181600.0,378913.0
2023-12-05,181400.0,181600.0,182000.0,180700.0,275980.0
2023-12-06,182900.0,181100.0,183400.0,181100.0,280528.0
2023-12-07,182600.0,181400.0,183300.0,181400.0,296154.0
2023-12-08,185100.0,183600.0,185700.0,183400.0,327749.0
2023-12-11,185400.0,185400.0,185400.0,184000.0,218073.0
2023-12-12,185600.0,185500.0,186400.0,185000.0,332590.0
2023-12-13,185000.0,185300.0,186200.0,184400.0,287425.0
2023-12-14,184800.0,187000.0,187100.0,184200.0,760383.0
2023-12-15,192800.0,185800.0,192800.0,185200.0,1228522.0
2023-12-18,192000.0,192800.0,193000.0,190000.0,482331.0
2023-12-19,192200.0,191900.0,192900.0,190800.0,272670.0
2023-12-20,199100.0,192700.0,199700.0,192600.0,961888.0
2023-12-21,198700.0,197500.0,202000.0,197100.0,545031.0
2023-12-22,199000.0,200000.0,200500.0,198500.0,347866.0
2023-12-26,198800.0,200500.0,200500.0,197700.0,409928.0
2023-12-27,198500.0,198700.0,199300.0,197200.0,331186.0
2023-12-28,203500.0,198800.0,203500.0,198400.0,766503.0
2024-01-02,200500.0,202000.0,202500.0,199800.0,373050.0
2024-01-03,193800.0,199100.0,199500.0,193800.0,548675.0
2024-01-04,190000.0,192000.0,192800.0,189100.0,505979.0
2024-01-05,187300.0,190100.0,190500.0,187200.0,440219.0
2024-01-08,185700.0,187600.0,188900.0,185500.0,323498.0
2024-01-09,185600.0,187800.0,187800.0,185500.0,349068.0
2024-01-10,186700.0,185600.0,187300.0,185200.0,330767.0
2024-01-11,187000.0,187200.0,189000.0,187000.0,538799.0
2024-01-12,186000.0,186600.0,187400.0,185800.0,240690.0
2024-01-15,187500.0,186000.0,188600.0,185800.0,251099.0
2024-01-16,186200.0,186600.0,188100.0,185700.0,225780.0
2024-01-17,181800.0,186300.0,186400.0,181000.0,481127.0
2024-01-18,180200.0,180000.0,182500.0,179900.0,433597.0
2024-01-19,181700.0,183000.0,183000.0,180100.0,288166.0
2024-01-22,180100.0,182300.0,182400.0,179800.0,391914.0
2024-01-23,184800.0,181200.0,184800.0,180900.0,376671.0
2024-01-24,185000.0,185300.0,185400.0,182100.0,345726.0
2024-01-25,188700.0,184400.0,190500.0,183500.0,778658.0
2024-01-26,187300.0,189300.0,189600.0,186500.0,468376.0
2024-01-29,195600.0,187300.0,197300.0,186600.0,1199045.0
2024-01-30,190000.0,196000.0,196600.0,189300.0,955999.0
2024-01-31,194600.0,189300.0,195400.0,188500.0,1053355.0
2024-02-01,208000.0,193900.0,209000.0,193500.0,2855056.0
2024-02-02,227000.0,221500.0,228000.0,214000.0,5844398.0
2024-02-05,238000.0,233500.0,239500.0,226000.0,5742710.0
2024-02-06,235500.0,234000.0,240000.0,230500.0,3293825.0
2024-02-07,245000.0,239000.0,246500.0,238000.0,2711612.0
2024-02-08,250000.0,243000.0,250500.0,241500.0,3017429.0
2024-02-13,249000.0,251000.0,261000.0,247500.0,2690468.0
2024-02-14,245500.0,245000.0,251000.0,244500.0,1702299.0
2024-02-15,240000.0,250000.0,250500.0,237000.0,2103428.0
2024-02-16,252500.0,241500.0,253000.0,235500.0,2261790.0
2024-02-19,252500.0,253500.0,257000.0,248500.0,1801441.0
2024-02-20,242000.0,250000.0,253000.0,238500.0,1944653.0
2024-02-21,239500.0,242000.0,246000.0,237500.0,1149137.0
2024-02-22,243500.0,239000.0,245500.0,237500.0,1475580.0
2024-02-23,244000.0,244000.0,249500.0,242000.0,1660625.0
2024-02-26,239000.0,237500.0,241000.0,231500.0,1751340.0
2024-02-27,238500.0,239000.0,244500.0,237500.0,1265434.0
2024-02-28,248000.0,234000.0,250000.0,231500.0,1911431.0
2024-02-29,250500.0,246500.0,253500.0,243500.0,2056620.0
2024-03-04,255500.0,255500.0,260000.0,253000.0,1854280.0
2024-03-05,249000.0,251500.0,254500.0,247500.0,1436614.0
2024-03-06,251000.0,247000.0,254000.0,246000.0,1103072.0
2024-03-07,250000.0,252500.0,258000.0,247500.0,988457.0
2024-03-08,253000.0,251500.0,255000.0,249500.0,1210240.0
2024-03-11,243500.0,251000.0,252500.0,242000.0,1178615.0
2024-03-12,241500.0,244000.0,247000.0,240000.0,1096802.0
2024-03-13,248500.0,243500.0,250000.0,241000.0,1413782.0
2024-03-14,251500.0,248000.0,255000.0,246000.0,1574794.0
2024-03-15,243500.0,250000.0,254500.0,243500.0,1175933.0
2024-03-18,242500.0,244000.0,247500.0,241000.0,723835.0
2024-03-19,237500.0,241000.0,244000.0,236000.0,944727.0
2024-03-20,241000.0,240000.0,246000.0,237500.0,1230314.0
2024-03-21,252000.0,247000.0,254000.0,246000.0,1578378.0
2024-03-22,243500.0,252500.0,254000.0,241000.0,1091572.0
2024-03-25,239500.0,244000.0,245500.0,239500.0,784822.0
2024-03-26,240500.0,239000.0,244000.0,238500.0,802094.0
2024-03-27,244000.0,241000.0,247500.0,240500.0,818180.0
2024-03-28,237000.0,246000.0,246000.0,236000.0,1050347.0
2024-03-29,233000.0,238000.0,239000.0,232000.0,852346.0
2024-04-01,227500.0,234500.0,235000.0,227000.0,898781.0
2024-04-02,220000.0,225000.0,226500.0,216500.0,1802613.0
2024-04-03,216000.0,219000.0,223500.0,214500.0,1138600.0
2024-04-04,226000.0,218500.0,228500.0,216500.0,1357330.0
2024-04-05,225500.0,223500.0,230000.0,223000.0,1121453.0
2024-04-08,232500.0,227000.0,238000.0,226000.0,1245057.0
2024-04-09,228000.0,234500.0,236500.0,228000.0,663665.0
2024-04-11,241000.0,222000.0,241000.0,220000.0,1853791.0
2024-04-12,238000.0,241000.0,241500.0,237000.0,997710.0
2024-04-15,241500.0,236000.0,243000.0,233500.0,1018783.0
2024-04-16,242000.0,239000.0,244500.0,236500.0,1201766.0
2024-04-17,233500.0,242000.0,243000.0,233500.0,1029202.0
2024-04-18,231000.0,237000.0,239000.0,228500.0,1168222.0
2024-04-19,235000.0,231000.0,237000.0,229000.0,1174278.0
2024-04-22,245000.0,240000.0,246000.0,239500.0,1314974.0
2024-04-23,249500.0,250000.0,251500.0,246000.0,1153091.0
2024-04-24,252500.0,249000.0,253500.0,247500.0,1242059.0
2024-04-25,250000.0,251000.0,254000.0,246000.0,1297404.0
2024-04-26,249500.0,250000.0,253500.0,243000.0,980459.0
2024-04-29,251500.0,249000.0,254500.0,245500.0,852780.0
2024-04-30,251000.0,250000.0,253000.0,248000.0,545747.0
2024-05-02,249000.0,249000.0,251500.0,246500.0,602350.0
2024-05-03,241000.0,250000.0,250500.0,241000.0,727057.0
2024-05-07,242000.0,242500.0,246000.0,240000.0,799659.0
2024-05-08,242000.0,240500.0,244000.0,240000.0,444082.0
2024-05-09,237000.0,242000.0,242500.0,235000.0,704379.0
2024-05-10,241500.0,239000.0,243000.0,237000.0,455541.0
2024-05-13,245000.0,242500.0,247500.0,242000.0,550255.0
2024-05-14,246500.0,245500.0,247000.0,243000.0,670650.0
2024-05-16,247000.0,248000.0,248500.0,245500.0,559548.0
2024-05-17,244000.0,247000.0,249500.0,244000.0,408947.0
2024-05-20,250500.0,245500.0,255000.0,244500.0,860566.0
2024-05-21,253000.0,249000.0,254000.0,248000.0,576613.0
2024-05-22,277000.0,253000.0,277500.0,251000.0,3336634.0
2024-05-23,271500.0,273500.0,275000.0,267500.0,1886248.0
2024-05-24,267500.0,268500.0,274500.0,266000.0,1059149.0
2024-05-27,265500.0,267500.0,271500.0,262000.0,1011436.0
2024-05-28,265000.0,265000.0,270000.0,263500.0,598743.0
2024-05-29,261000.0,262500.0,265000.0,257000.0,965532.0
2024-05-30,257000.0,260500.0,264000.0,255500.0,640526.0
2024-05-31,253000.0,259500.0,260000.0,253000.0,1014549.0
2024-06-03,265000.0,257500.0,270000.0,257000.0,1186533.0
2024-06-04,259000.0,262500.0,265500.0,258000.0,660409.0
2024-06-05,264000.0,261000.0,267500.0,256500.0,882084.0
2024-06-07,265000.0,262500.0,266500.0,261500.0,519878.0
2024-06-10,267500.0,261500.0,271500.0,261000.0,945927.0
2024-06-11,271000.0,270500.0,273500.0,267500.0,967240.0
2024-06-12,270000.0,273000.0,273000.0,268000.0,567334.0
2024-06-13,269000.0,273000.0,281000.0,269000.0,1862106.0
2024-06-14,268000.0,268500.0,274000.0,267000.0,778015.0
2024-06-17,278500.0,276000.0,285000.0,275500.0,1945849.0
2024-06-18,283000.0,280500.0,290000.0,278500.0,1667920.0
2024-06-19,286500.0,286500.0,292500.0,284000.0,1228960.0
2024-06-20,285500.0,285500.0,288000.0,282500.0,629996.0
2024-06-21,280000.0,283500.0,285000.0,279000.0,876560.0
2024-06-24,281000.0,277000.0,283000.0,275500.0,598019.0
2024-06-25,288500.0,281000.0,292500.0,280000.0,1023261.0
2024-06-26,289500.0,289000.0,293500.0,286500.0,694207.0
2024-06-27,298000.0,287000.0,298500.0,286500.0,1157313.0
2024-06-28,295000.0,299500.0,299500.0,293000.0,761453.0
2024-07-01,286000.0,292000.0,296000.0,285500.0,864443.0
2024-07-02,272500.0,283000.0,283500.0,271000.0,1558999.0
2024-07-03,276000.0,275000.0,281500.0,272500.0,1072157.0
2024-07-04,277500.0,277500.0,281000.0,274500.0,552767.0
2024-07-05,281000.0,277500.0,282000.0,277000.0,586121.0
2024-07-08,283000.0,282000.0,289500.0,281000.0,603805.0
2024-07-09,274500.0,284000.0,285500.0,272500.0,1135540.0
2024-07-10,274500.0,275000.0,277500.0,272500.0,672155.0
2024-07-11,278500.0,277000.0,278500.0,274500.0,653458.0
2024-07-12,271500.0,277500.0,278500.0,268000.0,666813.0
2024-07-15,268500.0,273000.0,273500.0,267500.0,541442.0
2024-07-16,274500.0,270500.0,276000.0,270000.0,552065.0
2024-07-17,268500.0,275500.0,275500.0,268000.0,512968.0
2024-07-18,260500.0,267000.0,267500.0,256500.0,1083373.0
2024-07-19,258500.0,258500.0,259500.0,254000.0,737904.0
2024-07-22,255000.0,259000.0,261500.0,251000.0,769457.0
2024-07-23,263500.0,258000.0,264500.0,257500.0,803042.0
2024-07-24,258500.0,259500.0,263500.0,257500.0,608412.0
2024-07-25,251500.0,253000.0,255000.0,247500.0,832753.0
2024-07-26,243500.0,248500.0,250500.0,232000.0,2662741.0
2024-07-29,255500.0,244000.0,260000.0,243000.0,1302271.0
2024-07-30,250000.0,253000.0,258000.0,249500.0,594899.0
2024-07-31,249000.0,250000.0,253500.0,247500.0,594919.0
2024-08-01,253500.0,251000.0,258500.0,251000.0,734315.0
2024-08-02,244000.0,242500.0,248000.0,242000.0,889521.0
2024-08-05,224000.0,236000.0,239500.0,216500.0,1465965.0
2024-08-06,235000.0,233500.0,241500.0,228000.0,1250180.0
2024-08-07,236000.0,233000.0,241000.0,231500.0,756779.0
2024-08-08,236500.0,231500.0,240000.0,228500.0,698685.0
2024-08-09,243000.0,240500.0,248000.0,240000.0,606967.0
2024-08-12,243500.0,246000.0,249000.0,242000.0,469844.0
2024-08-13,243000.0,242000.0,245500.0,240000.0,358474.0
2024-08-14,241000.0,245500.0,248000.0,238500.0,500276.0
2024-08-16,255000.0,248000.0,256500.0,246500.0,1113073.0
2024-08-19,255000.0,256000.0,259500.0,250000.0,739313.0
2024-08-20,256000.0,258000.0,261000.0,255000.0,660818.0
2024-08-21,252500.0,257500.0,257500.0,251000.0,359513.0
2024-08-22,248000.0,253500.0,254000.0,245500.0,497250.0
2024-08-23,252500.0,245500.0,254000.0,245000.0,449189.0
2024-08-26,249500.0,255500.0,258000.0,247500.0,469538.0
2024-08-27,247500.0,248500.0,251000.0,244500.0,555018.0
2024-08-28,259000.0,249500.0,261000.0,246000.0,1170970.0
2024-08-29,258500.0,261500.0,267000.0,256000.0,1646679.0
2024-08-30,255500.0,261000.0,265500.0,255500.0,1206940.0
2024-09-02,246000.0,256000.0,256000.0,245000.0,1006660.0
2024-09-03,237500.0,244000.0,244500.0,236000.0,1024521.0
2024-09-04,232500.0,231000.0,236500.0,229500.0,942257.0
2024-09-05,229000.0,236000.0,237500.0,227000.0,884047.0
2024-09-06,227500.0,228000.0,230500.0,223000.0,710077.0
2024-09-09,229500.0,225500.0,231500.0,225000.0,638085.0
2024-09-10,231000.0,229500.0,231000.0,227000.0,364974.0
2024-09-11,223500.0,229500.0,230500.0,221500.0,781938.0
2024-09-12,232000.0,226000.0,232000.0,225500.0,660069.0
2024-09-13,237000.0,237500.0,240500.0,234500.0,524969.0
2024-09-19,246000.0,244000.0,246500.0,241500.0,848380.0
2024-09-20,250500.0,250000.0,251000.0,247500.0,809348.0
2024-09-23,249000.0,251500.0,251500.0,246500.0,484728.0
2024-09-24,253000.0,249000.0,253000.0,248000.0,429463.0
2024-09-25,251500.0,255500.0,257000.0,250500.0,575575.0
2024-09-26,259000.0,250000.0,259000.0,247500.0,766978.0
2024-09-27,254500.0,257500.0,259000.0,253500.0,493853.0
2024-09-30,244000.0,255500.0,256000.0,244000.0,1032595.0
2024-10-02,237000.0,237500.0,241000.0,236500.0,1035510.0
2024-10-04,239500.0,235500.0,241500.0,232000.0,856583.0
2024-10-07,247000.0,244000.0,247000.0,241000.0,731171.0
2024-10-08,246000.0,244500.0,247000.0,244000.0,413552.0
2024-10-10,246000.0,253000.0,255500.0,246000.0,641891.0
2024-10-11,248500.0,248000.0,249500.0,246500.0,282919.0
2024-10-14,248500.0,250500.0,254000.0,248000.0,307668.0
2024-10-15,246000.0,249500.0,249500.0,246000.0,382087.0
2024-10-16,247000.0,246000.0,247000.0,242000.0,799813.0
2024-10-17,235500.0,245000.0,246000.0,235500.0,923060.0
2024-10-18,234500.0,237000.0,239000.0,233000.0,696368.0
2024-10-21,237000.0,235000.0,240000.0,234500.0,443742.0
2024-10-22,234500.0,236000.0,239000.0,232500.0,517834.0
2024-10-23,241000.0,236500.0,243000.0,234000.0,671384.0
2024-10-24,228500.0,241000.0,241000.0,228000.0,1209781.0
2024-10-25,225500.0,226500.0,231000.0,220500.0,1116832.0
2024-10-28,226500.0,226000.0,229000.0,224000.0,639039.0
2024-10-29,224000.0,226000.0,226500.0,221000.0,746178.0
2024-10-30,220500.0,223000.0,225000.0,220500.0,554300.0
2024-10-31,215000.0,220500.0,221500.0,215000.0,1075398.0
2024-11-01,213500.0,212500.0,216500.0,211500.0,765177.0
2024-11-04,216500.0,215000.0,220500.0,214000.0,748180.0
2024-11-05,215000.0,214000.0,215500.0,211500.0,615978.0
2024-11-06,206500.0,214000.0,214500.0,205500.0,1880618.0
2024-11-07,207500.0,203500.0,210500.0,201000.0,1108161.0
2024-11-08,203500.0,209500.0,210500.0,202500.0,716859.0
2024-11-11,211000.0,203500.0,212500.0,203500.0,856539.0
2024-11-12,207000.0,213000.0,213500.0,206500.0,911213.0
2024-11-13,199900.0,206000.0,206000.0,199900.0,778547.0
2024-11-14,201500.0,200500.0,203500.0,197300.0,817142.0
2024-11-15,206000.0,200000.0,208500.0,199900.0,709396.0
2024-11-18,217000.0,206000.0,218000.0,206000.0,1115993.0
2024-11-19,215500.0,217000.0,219000.0,213000.0,540792.0
2024-11-20,218500.0,213000.0,220500.0,212500.0,572617.0
2024-11-21,215500.0,218500.0,219500.0,215500.0,499737.0
2024-11-22,217000.0,216000.0,218500.0,214500.0,419056.0
2024-11-25,219000.0,219000.0,221500.0,216500.0,726301.0
2024-11-26,223500.0,218000.0,224500.0,216500.0,721544.0
2024-11-27,221000.0,220000.0,226500.0,218500.0,1094533.0
2024-11-28,219000.0,224000.0,225000.0,218000.0,593477.0
2024-11-29,218500.0,219000.0,220000.0,214500.0,576357.0
2024-12-02,216000.0,219500.0,220500.0,215000.0,520654.0
2024-12-03,214500.0,218000.0,218000.0,213500.0,624929.0
2024-12-04,209000.0,208500.0,213000.0,207000.0,919137.0
2024-12-05,204500.0,209000.0,210500.0,204000.0,604002.0
2024-12-06,203500.0,203500.0,206000.0,200000.0,778285.0
2024-12-09,201000.0,201000.0,203000.0,200000.0,774548.0
2024-12-10,210500.0,205500.0,211500.0,204000.0,619392.0
2024-12-11,209000.0,208000.0,211000.0,207500.0,335301.0
2024-12-12,211500.0,210500.0,213000.0,209500.0,625351.0
2024-12-13,215000.0,212000.0,216000.0,209000.0,528172.0
2024-12-16,211000.0,215500.0,216000.0,210500.0,469448.0
2024-12-17,206500.0,210000.0,212500.0,205500.0,715553.0
2024-12-18,216500.0,207500.0,217000.0,207500.0,712305.0
2024-12-19,212000.0,213000.0,214000.0,210500.0,631880.0
2024-12-20,210500.0,210500.0,211500.0,206000.0,704962.0
2024-12-23,215000.0,212500.0,216500.0,212000.0,468339.0
2024-12-24,216500.0,215000.0,217000.0,213000.0,351647.0
2024-12-26,217500.0,217500.0,219500.0,215000.0,460871.0
2024-12-27,215000.0,217000.0,217500.0,213500.0,391681.0
2024-12-30,212000.0,213500.0,217000.0,212000.0,387750.0
2025-01-02,211500.0,212000.0,216000.0,210500.0,437773.0
2025-01-03,213000.0,211500.0,215000.0,211000.0,456107.0
2025-01-06,211500.0,213000.0,213500.0,207000.0,782307.0
2025-01-07,211000.0,211500.0,214000.0,210500.0,511955.0
2025-01-08,213500.0,209500.0,215500.0,209000.0,603411.0
2025-01-09,213000.0,215000.0,219500.0,213000.0,866529.0
2025-01-10,226000.0,215000.0,227000.0,215000.0,1951806.0
2025-01-13,220000.0,225500.0,226000.0,218500.0,867629.0
2025-01-14,222000.0,221000.0,224500.0,219500.0,547856.0
2025-01-15,220500.0,222000.0,224000.0,220500.0,492913.0
2025-01-16,219000.0,223000.0,224000.0,218000.0,435312.0
2025-01-17,211500.0,217500.0,218000.0,211000.0,813817.0
2025-01-20,208500.0,211000.0,212000.0,207500.0,571176.0
2025-01-21,206500.0,210500.0,213000.0,206500.0,833996.0
2025-01-22,208500.0,207500.0,210000.0,206500.0,832710.0
2025-01-23,209000.0,208000.0,213500.0,205500.0,1032782.0
2025-01-24,205000.0,208000.0,208500.0,203000.0,1077548.0
2025-01-31,206000.0,204500.0,207500.0,200000.0,986621.0
2025-02-03,202000.0,201000.0,203500.0,200000.0,911137.0
2025-02-04,201000.0,205000.0,208500.0,201000.0,841947.0
2025-02-05,204500.0,201500.0,206500.0,201000.0,710413.0
2025-02-06,203500.0,206000.0,207000.0,203000.0,605308.0
2025-02-07,200500.0,203500.0,204500.0,200000.0,834221.0
2025-02-10,199400.0,199500.0,201000.0,197700.0,992303.0
2025-02-11,199400.0,199500.0,202500.0,198500.0,842452.0
2025-02-12,198100.0,199000.0,200500.0,198100.0,567219.0
2025-02-13,208500.0,202500.0,210000.0,202000.0,1493929.0
2025-02-14,206000.0,208000.0,210000.0,205500.0,823619.0
2025-02-17,199800.0,201000.0,202500.0,199500.0,894545.0
2025-02-18,200500.0,200000.0,201500.0,198900.0,560363.0
2025-02-19,204000.0,198900.0,204500.0,198800.0,854114.0
2025-02-20,203000.0,202500.0,204000.0,201500.0,354026.0
2025-02-21,206000.0,209000.0,211000.0,204000.0,713842.0
2025-02-24,207000.0,204000.0,207000.0,203500.0,497135.0
2025-02-25,202500.0,205000.0,205000.0,202000.0,651155.0
2025-02-26,205000.0,203500.0,207000.0,203000.0,750341.0
2025-02-27,200500.0,200500.0,201000.0,199300.0,890406.0
2025-02-28,193000.0,198600.0,198800.0,193000.0,1187503.0
2025-03-04,190300.0,190000.0,195100.0,189200.0,592292.0
2025-03-05,194700.0,191800.0,197000.0,191800.0,798748.0
2025-03-06,197600.0,199200.0,201000.0,196500.0,659716.0
2025-03-07,196600.0,194800.0,197200.0,194100.0,574321.0
2025-03-10,197400.0,196600.0,198600.0,195200.0,318730.0
2025-03-11,195600.0,194500.0,196000.0,192700.0,456616.0
2025-03-12,198200.0,195800.0,198200.0,195000.0,351293.0
2025-03-13,201000.0,199300.0,201000.0,196200.0,578677.0
2025-03-14,198500.0,199800.0,200500.0,197500.0,473953.0
2025-03-17,199000.0,198400.0,199000.0,195300.0,369290.0
2025-03-18,200500.0,199500.0,202000.0,199300.0,505699.0
2025-03-19,204000.0,201000.0,204000.0,199000.0,520541.0
2025-03-20,202500.0,204500.0,205000.0,201500.0,635938.0
2025-03-21,205000.0,201500.0,205000.0,201000.0,552626.0
2025-03-24,213000.0,204500.0,216000.0,203500.0,1212302.0
2025-03-25,220000.0,228500.0,229000.0,218500.0,2097056.0
2025-03-26,222000.0,224000.0,227500.0,220500.0,1220193.0
2025-03-27,212500.0,215000.0,216500.0,212000.0,1027562.0
2025-03-28,205000.0,208000.0,209500.0,202500.0,1003500.0
2025-03-31,197200.0,199900.0,201000.0,196800.0,936571.0
2025-04-01,198600.0,199000.0,200500.0,196100.0,641043.0
2025-04-02,196300.0,198800.0,199100.0,195800.0,615215.0
2025-04-03,193800.0,191000.0,194500.0,189100.0,954824.0
2025-04-04,191800.0,191300.0,196500.0,189600.0,810211.0
2025-04-07,179100.0,184700.0,185300.0,178900.0,1244441.0
2025-04-08,179200.0,181400.0,183800.0,177500.0,1082825.0
2025-04-09,178000.0,177500.0,180900.0,177300.0,689621.0
2025-04-10,187000.0,191700.0,192900.0,186500.0,1426032.0
2025-04-11,177500.0,181800.0,183000.0,175800.0,1647599.0
2025-04-14,179300.0,178400.0,180300.0,177500.0,536959.0
2025-04-15,187000.0,185400.0,189200.0,183700.0,1052017.0
2025-04-16,181700.0,185200.0,186400.0,181300.0,593391.0
2025-04-17,181700.0,182600.0,184600.0,181500.0,522233.0
2025-04-18,187200.0,182800.0,188300.0,181200.0,664774.0
2025-04-21,187300.0,187500.0,188800.0,185500.0,352360.0
2025-04-22,185600.0,186100.0,187700.0,185200.0,392723.0
2025-04-23,190000.0,188900.0,190400.0,187400.0,607448.0
2025-04-24,188900.0,191100.0,191200.0,186500.0,642753.0
2025-04-25,188800.0,191000.0,191000.0,188600.0,528739.0
2025-04-28,189000.0,188100.0,190100.0,187000.0,450993.0
2025-04-29,192800.0,192700.0,194000.0,189700.0,594224.0
2025-04-30,190600.0,192700.0,193300.0,190200.0,429791.0
2025-05-02,189400.0,190200.0,190500.0,188200.0,464020.0
2025-05-07,187600.0,191400.0,191400.0,186500.0,666181.0
2025-05-08,187100.0,187600.0,188900.0,187100.0,543972.0
2025-05-09,189900.0,191200.0,193400.0,189500.0,514047.0
2025-05-12,195800.0,191900.0,195800.0,191400.0,569602.0
2025-05-13,196700.0,197400.0,198000.0,195100.0,462830.0
2025-05-14,197100.0,197200.0,198300.0,194300.0,557318.0
2025-05-15,192900.0,195200.0,196900.0,192200.0,469355.0
2025-05-16,193800.0,193300.0,194700.0,193000.0,311743.0
2025-05-19,191000.0,193000.0,193000.0,190000.0,378893.0
2025-05-20,189500.0,192800.0,194100.0,189500.0,422756.0
2025-05-21,188000.0,189500.0,190350.0,187400.0,558502.0
2025-05-22,182400.0,187000.0,187000.0,181900.0,982354.0
2025-05-23,179900.0,182400.0,182500.0,179300.0,829741.0
2025-05-26,181900.0,180100.0,183000.0,179700.0,623947.0
2025-05-27,181900.0,180700.0,181900.0,180300.0,502985.0
2025-05-28,185900.0,182400.0,186300.0,182400.0,611926.0
2025-05-29,191000.0,189600.0,193000.0,186300.0,1093538.0
2025-05-30,185300.0,187400.0,187500.0,185300.0,781444.0
2025-06-02,184000.0,184600.0,185500.0,183100.0,538182.0
2025-06-04,186000.0,185100.0,186500.0,184100.0,577325.0
2025-06-05,189600.0,186000.0,193000.0,186000.0,797915.0
2025-06-09,197800.0,192900.0,198400.0,192300.0,1665140.0
2025-06-10,197000.0,201000.0,201500.0,195800.0,998951.0
2025-06-11,201000.0,199100.0,201500.0,199000.0,649618.0
2025-06-12,201500.0,201500.0,204500.0,200500.0,885521.0
2025-06-13,199000.0,199400.0,199800.0,196800.0,933606.0
2025-06-16,201500.0,198300.0,202000.0,196200.0,500547.0
2025-06-17,205000.0,202500.0,208000.0,200500.0,950447.0
2025-06-18,206000.0,202500.0,207000.0,200500.0,575644.0
2025-06-19,207000.0,209500.0,211500.0,205500.0,538891.0
2025-06-20,210000.0,208000.0,210500.0,205500.0,662635.0
2025-06-23,201500.0,205500.0,206000.0,200500.0,935001.0
2025-06-24,206000.0,206500.0,208000.0,203000.0,718116.0
2025-06-25,217000.0,206500.0,221500.0,206000.0,1789517.0
2025-06-26,209500.0,214500.0,215000.0,208000.0,814616.0
2025-06-27,205000.0,211000.0,211000.0,203000.0,764378.0
2025-06-30,203500.0,204500.0,207000.0,203500.0,492507.0
2025-07-01,210000.0,204000.0,214500.0,203500.0,1059697.0
2025-07-02,213500.0,215000.0,218000.0,210000.0,1058819.0
2025-07-03,214500.0,215000.0,217000.0,211500.0,562758.0
2025-07-04,210500.0,214500.0,216500.0,210000.0,415693.0
2025-07-07,208500.0,210000.0,210500.0,207000.0,398058.0
2025-07-08,211000.0,207000.0,211500.0,205500.0,499225.0
2025-07-09,209500.0,208500.0,209500.0,205500.0,524731.0
2025-07-10,208000.0,210000.0,211500.0,205500.0,719453.0
2025-07-11,208000.0,209000.0,211500.0,207500.0,592335.0
2025-07-14,217000.0,208500.0,218000.0,208000.0,1241993.0
2025-07-15,211000.0,217000.0,217500.0,209500.0,1111748.0
2025-07-16,207500.0,211000.0,211000.0,207500.0,492782.0
2025-07-17,210000.0,208500.0,212000.0,205500.0,611349.0
2025-07-18,210500.0,210000.0,212500.0,208500.0,317353.0
2025-07-21,209000.0,209500.0,210500.0,208000.0,460835.0
2025-07-22,206500.0,209000.0,209500.0,204500.0,441603.0
2025-07-23,222000.0,213000.0,223000.0,213000.0,2832242.0
2025-07-24,217500.0,221000.0,225500.0,214500.0,1417925.0
2025-07-25,216500.0,215000.0,221000.0,214000.0,665815.0
2025-07-28,218500.0,221500.0,222500.0,216000.0,692799.0
2025-07-29,218000.0,217500.0,218500.0,214000.0,646415.0
2025-07-30,223000.0,215500.0,228000.0,215500.0,1239327.0
2025-07-31,213000.0,233000.0,233000.0,212000.0,2956498.0
2025-08-01,210000.0,211000.0,215500.0,210000.0,1083280.0
2025-08-04,211000.0,210000.0,212500.0,207000.0,651682.0
2025-08-05,210500.0,213000.0,215000.0,209500.0,480510.0
2025-08-06,210500.0,209000.0,211500.0,208500.0,385330.0
2025-08-07,212500.0,213500.0,215000.0,211000.0,421547.0
2025-08-08,212500.0,212500.0,214000.0,211500.0,440664.0
2025-08-11,212500.0,213000.0,213500.0,211500.0,298656.0
2025-08-12,213000.0,212000.0,216000.0,211500.0,347183.0
2025-08-13,216000.0,215500.0,216000.0,214000.0,377571.0
2025-08-14,217500.0,216000.0,219000.0,216000.0,546695.0
2025-08-18,216500.0,217500.0,218000.0,215000.0,405813.0
2025-08-19,219000.0,216500.0,219000.0,215000.0,442222.0
2025-08-20,220500.0,218500.0,222000.0,217500.0,784564.0
2025-08-21,221500.0,221000.0,224500.0,220500.0,601284.0
2025-08-22,220000.0,222000.0,223500.0,219500.0,401067.0
2025-08-25,222000.0,221500.0,222000.0,217500.0,419600.0
2025-08-26,218500.0,220500.0,222000.0,217500.0,806670.0
2025-08-27,220000.0,219000.0,221000.0,218500.0,337163.0
2025-08-28,222000.0,218500.0,225000.0,218000.0,734689.0
2025-08-29,220000.0,223000.0,224500.0,218500.0,606655.0
2025-09-01,220500.0,220500.0,223000.0,219000.0,504672.0
2025-09-02,220000.0,221000.0,221000.0,217000.0,365383.0
2025-09-03,221500.0,218500.0,223500.0,218500.0,459718.0
2025-09-04,221500.0,221000.0,221500.0,219500.0,249504.0
2025-09-05,220000.0,222000.0,222500.0,219500.0,245652.0
2025-09-08,218500.0,218000.0,218500.0,215500.0,382254.0
2025-09-09,219000.0,219500.0,220500.0,218500.0,407652.0
2025-09-10,220500.0,219500.0,222000.0,219000.0,427432.0
2025-09-11,223000.0,221500.0,223000.0,219000.0,569436.0
2025-09-12,223500.0,222500.0,224000.0,220500.0,666184.0
2025-09-15,215000.0,221500.0,221500.0,215000.0,1712249.0
2025-09-16,215000.0,216000.0,216500.0,215000.0,492855.0
2025-09-17,216000.0,216000.0,216500.0,215000.0,412548.0
2025-09-18,218500.0,216500.0,218500.0,215000.0,652885.0
2025-09-19,214000.0,218000.0,218500.0,212000.0,1301527.0
2025-09-22,218000.0,215000.0,219000.0,214500.0,499195.0
2025-09-23,219000.0,217500.0,220000.0,217500.0,473760.0
2025-09-24,217500.0,218000.0,219500.0,216500.0,383310.0
2025-09-25,217000.0,217000.0,217500.0,215500.0,509882.0
2025-09-26,214500.0,215000.0,215500.0,213000.0,448652.0
2025-09-29,215000.0,215500.0,216500.0,214000.0,339105.0
2025-09-30,215000.0,214000.0,216000.0,214000.0,339691.0
2025-10-01,215500.0,215500.0,217000.0,215000.0,297048.0
2025-10-02,220000.0,216500.0,223000.0,216500.0,1099674.0
2025-10-10,217000.0,219000.0,220250.0,216500.0,779161.0
2025-10-13,218500.0,214500.0,219500.0,214000.0,544349.0
2025-10-14,223000.0,218500.0,225000.0,218000.0,885802.0
2025-10-15,223500.0,223000.0,224000.0,220000.0,670710.0
2025-10-16,242000.0,237000.0,245000.0,234000.0,2115204.0
2025-10-17,243000.0,241000.0,246000.0,239500.0,994190.0
2025-10-20,248000.0,251500.0,252000.0,241500.0,1155423.0
2025-10-21,256500.0,252000.0,267000.0,251500.0,2002410.0
2025-10-22,261000.0,265000.0,265000.0,254500.0,1060973.0
2025-10-23,252000.0,256500.0,258500.0,251000.0,909720.0
2025-10-24,252500.0,253500.0,254000.0,248000.0,775983.0
2025-10-27,254500.0,253500.0,259500.0,253000.0,763121.0
2025-10-28,250500.0,253500.0,253500.0,249000.0,677447.0
2025-10-29,258000.0,254500.0,259500.0,251000.0,937830.0
2025-10-30,265000.0,287500.0,289500.0,263000.0,2958411.0
2025-10-31,290000.0,273500.0,294000.0,270500.0,3631736.0
2025-11-03,291500.0,297500.0,298000.0,288000.0,1498016.0
2025-11-04,276000.0,286500.0,288500.0,276000.0,1416294.0
2025-11-05,268500.0,270000.0,271500.0,259000.0,1420277.0
2025-11-06,269000.0,274500.0,275000.0,264500.0,686561.0
2025-11-07,264000.0,261000.0,267000.0,259500.0,666772.0
2025-11-10,270500.0,266500.0,274000.0,265000.0,692464.0
2025-11-11,269000.0,272500.0,274000.0,267500.0,494203.0
2025-11-12,275500.0,271500.0,278500.0,269500.0,807526.0
2025-11-13,278500.0,273000.0,279000.0,272500.0,681153.0
2025-11-14,272500.0,272500.0,278000.0,272000.0,579023.0
2025-11-17,271500.0,275500.0,275500.0,271500.0,384305.0
2025-11-18,264500.0,269000.0,271500.0,263500.0,475705.0
2025-11-19,264000.0,272000.0,272000.0,261500.0,413452.0
2025-11-20,262000.0,267000.0,267500.0,262000.0,501196.0
2025-11-21,259500.0,255000.0,261000.0,254500.0,538414.0
2025-11-24,257500.0,262000.0,262000.0,257500.0,610389.0
2025-11-25,257500.0,261000.0,262000.0,256500.0,390393.0
2025-11-26,261500.0,260500.0,262000.0,259500.0,402781.0
2025-11-27,261500.0,261500.0,262500.0,259500.0,289061.0
2025-11-28,261500.0,261500.0,265500.0,259000.0,511004.0
2025-12-01,254500.0,261000.0,261500.0,253500.0,555473.0
2025-12-02,266000.0,257500.0,267500.0,257000.0,1084944.0
2025-12-03,266500.0,266500.0,267500.0,263000.0,483994.0
2025-12-04,283500.0,273000.0,284500.0,270000.0,1994134.0
2025-12-05,315000.0,282000.0,316500.0,280000.0,3892799.0
2025-12-08,315500.0,321000.0,321000.0,308500.0,1913789.0
2025-12-09,307000.0,308000.0,312000.0,301500.0,1229611.0
2025-12-10,302500.0,304500.0,306000.0,297500.0,1173271.0
2025-12-11,295500.0,304000.0,306500.0,295500.0,1465528.0
2025-12-12,301500.0,299000.0,303000.0,295500.0,827283.0
2025-12-15,293500.0,296500.0,297500.0,293500.0,798990.0
2025-12-16,286000.0,296500.0,301500.0,284500.0,1264096.0
2025-12-17,286000.0,288000.0,288500.0,284000.0,686802.0
2025-12-18,282500.0,280500.0,285000.0,280000.0,705877.0
2025-12-19,288500.0,285500.0,288500.0,278500.0,1210816.0
2025-12-22,289000.0,290500.0,290500.0,285000.0,676748.0
2025-12-23,287000.0,290500.0,292500.0,285500.0,699584.0
2025-12-24,289000.0,289000.0,300000.0,287000.0,1295368.0
2025-12-26,286000.0,292000.0,292000.0,285000.0,847245.0
2025-12-29,293500.0,284500.0,294000.0,282500.0,697450.0
2025-12-30,296500.0,291000.0,297500.0,289500.0,628188.0
2026-01-02,298500.0,299500.0,302000.0,293000.0,955205.0
2026-01-05,304500.0,302500.0,310000.0,302000.0,1292161.0
2026-01-06,308000.0,318000.0,330000.0,304000.0,3346949.0
2026-01-07,350500.0,314000.0,362000.0,313000.0,7764177.0
2026-01-08,340500.0,361000.0,361000.0,338000.0,3053301.0
2026-01-09,366000.0,349000.0,369000.0,340000.0,3104258.0
2026-01-12,367000.0,383000.0,383500.0,358500.0,3027809.0
2026-01-13,406000.0,380500.0,413500.0,378000.0,5463622.0
2026-01-14,411500.0,406500.0,413500.0,398000.0,2861932.0
2026-01-15,422000.0,409500.0,425000.0,405000.0,2864894.0
2026-01-16,413000.0,426500.0,426500.0,408000.0,2589883.0
2026-01-19,480000.0,420000.0,487000.0,419500.0,5990850.0
2026-01-20,479000.0,494000.0,496500.0,460500.0,5235613.0
2026-01-21,549000.0,468000.0,551000.0,467500.0,7830202.0
2026-01-22,529000.0,586000.0,590000.0,525000.0,7176207.0
2026-01-23,510000.0,530000.0,543000.0,500000.0,4774169.0
2026-01-26,492500.0,499000.0,515000.0,490000.0,3680159.0
2026-01-27,488500.0,473000.0,499000.0,469000.0,4492400.0
2026-01-28,492500.0,505000.0,506000.0,490500.0,2514604.0
2026-01-29,528000.0,501000.0,529000.0,494000.0,5431226.0
2026-01-30,500000.0,516000.0,517000.0,500000.0,3032673.0
2026-02-02,478000.0,486000.0,507000.0,473000.0,2652237.0
2026-02-03,491500.0,487000.0,495000.0,473000.0,2275995.0
2026-02-04,504000.0,502000.0,518000.0,497500.0,1706630.0
2026-02-05,488500.0,492500.0,508000.0,483500.0,1653286.0
2026-02-06,467500.0,469500.0,473000.0,452000.0,2023516.0
2026-02-09,478000.0,484000.0,485000.0,473000.0,1518143.0
2026-02-10,480500.0,499000.0,505000.0,479000.0,1738747.0
2026-02-11,509000.0,480500.0,515000.0,477000.0,3270111.0
2026-02-12,506000.0,512000.0,512000.0,498000.0,1733637.0
2026-02-13,499000.0,499500.0,509500.0,497500.0,1147006.0
2026-02-19,513000.0,504000.0,523000.0,495500.0,1907584.0
2026-02-20,509000.0,516000.0,516000.0,504000.0,1251835.0
2026-02-23,523000.0,524000.0,541000.0,517000.0,2094265.0
2026-02-24,524000.0,522000.0,530000.0,505000.0,1490869.0
2026-02-25,572000.0,535000.0,584000.0,532000.0,4149696.0
2026-02-26,609000.0,574000.0,618000.0,563000.0,2894222.0
2026-02-27,674000.0,592000.0,687000.0,590000.0,4354409.0
2026-03-03,595000.0,654000.0,658000.0,594000.0,3763225.0
2026-03-04,501000.0,560000.0,593000.0,497500.0,4855346.0
2026-03-05,548000.0,565000.0,582000.0,540000.0,2663493.0
2026-03-06,553000.0,532000.0,564000.0,530000.0,1582300.0
2026-03-09,507000.0,504000.0,511000.0,491000.0,1913094.0
2026-03-10,525000.0,538000.0,541000.0,519000.0,1270933.0
2026-03-11,530000.0,550000.0,561000.0,523000.0,1415825.0
2026-03-12,521000.0,524000.0,528000.0,513000.0,1146292.0
2026-03-13,517000.0,502000.0,529500.0,501000.0,950437.0
2026-03-16,506000.0,511000.0,520000.0,499000.0,1348089.0
2026-03-17,522000.0,528000.0,544000.0,520000.0,1346937.0
