날짜,종가,전일비,등락률,거래량(천주),거래대금(백만)
2022-07-08,2350.61,16.34,,411424.0,7008117.0
2022-07-11,2340.27,10.34,,377108.0,6301233.0
2022-07-12,2317.76,22.51,,379308.0,6369257.0
2022-07-13,2328.61,10.85,,308806.0,5998501.0
2022-07-14,2322.32,6.29,,349137.0,6539856.0
2022-07-15,2330.98,8.66,,319675.0,7383211.0
2022-07-18,2375.25,44.27,,324357.0,7104661.0
2022-07-19,2370.97,4.28,,339377.0,6556190.0
2022-07-20,2386.85,15.88,,333329.0,7434803.0
2022-07-21,2409.16,22.31,,295624.0,6309070.0
2022-07-22,2393.14,16.02,,381596.0,6973850.0
2022-07-25,2403.69,10.55,,323090.0,5959859.0
2022-07-26,2412.96,9.27,,415671.0,6240741.0
2022-07-27,2415.53,2.57,,333587.0,7049802.0
2022-07-28,2435.27,19.74,,491073.0,9196434.0
2022-07-29,2451.5,16.23,,499369.0,10256338.0
2022-08-01,2452.25,0.75,,487160.0,7509597.0
2022-08-02,2439.62,12.63,,549923.0,7266264.0
2022-08-03,2461.45,21.83,,475302.0,6751538.0
2022-08-04,2473.11,11.66,,399964.0,7506315.0
2022-08-05,2490.8,17.69,,409776.0,7561092.0
2022-08-08,2493.1,2.3,,418234.0,7613758.0
2022-08-09,2503.46,10.36,,454363.0,8940803.0
2022-08-10,2480.88,22.58,,479467.0,9029482.0
2022-08-11,2523.78,42.9,,505245.0,9710839.0
2022-08-12,2527.94,4.16,,445546.0,8028576.0
2022-08-16,2533.52,5.58,,398335.0,8064107.0
2022-08-17,2516.47,17.05,,418052.0,7153680.0
2022-08-18,2508.05,8.42,,381627.0,7105984.0
2022-08-19,2492.69,15.36,,459834.0,7138647.0
2022-08-22,2462.5,30.19,,422552.0,6108018.0
2022-08-23,2435.34,27.16,,471166.0,7560708.0
2022-08-24,2447.45,12.11,,423502.0,8119783.0
2022-08-25,2477.26,29.81,,426229.0,7286329.0
2022-08-26,2481.03,3.77,,520091.0,8628665.0
2022-08-29,2426.89,54.14,,448746.0,7891467.0
2022-08-30,2450.93,24.04,,336555.0,6826615.0
2022-08-31,2472.05,21.12,,436246.0,9562592.0
2022-09-01,2415.61,56.44,,580021.0,8452317.0
2022-09-02,2409.41,6.2,,391598.0,7214619.0
2022-09-05,2403.68,5.73,,354737.0,6277833.0
2022-09-06,2410.02,6.34,,294224.0,5476236.0
2022-09-07,2376.46,33.56,,378200.0,7530889.0
2022-09-08,2384.28,7.82,,423620.0,9208735.0
2022-09-13,2449.54,65.26,,367102.0,9165153.0
2022-09-14,2411.42,38.12,,461507.0,7625505.0
2022-09-15,2401.83,9.59,,424110.0,7432763.0
2022-09-16,2382.78,19.05,,440798.0,8690463.0
2022-09-19,2355.66,27.12,,403937.0,6885918.0
2022-09-20,2367.85,12.19,,419340.0,7013236.0
2022-09-21,2347.21,20.64,,378165.0,6269073.0
2022-09-22,2332.31,14.9,,446820.0,7413267.0
2022-09-23,2290.0,42.31,,446460.0,7416795.0
2022-09-26,2220.94,69.06,,621995.0,9461817.0
2022-09-27,2223.86,2.92,,487939.0,8005556.0
2022-09-28,2169.29,54.57,,596136.0,9208349.0
2022-09-29,2170.93,1.64,,508500.0,7240707.0
2022-09-30,2155.49,15.44,,950269.0,7923750.0
2022-10-04,2209.38,53.89,,421003.0,7500281.0
2022-10-05,2215.22,5.84,,855790.0,9509079.0
2022-10-06,2237.86,22.64,,643015.0,6850065.0
2022-10-07,2232.84,5.02,,428682.0,7831443.0
2022-10-11,2192.07,40.77,,859508.0,7867859.0
2022-10-12,2202.47,10.4,,658347.0,7409130.0
2022-10-13,2162.87,39.6,,792452.0,7169779.0
2022-10-14,2212.55,49.68,,513523.0,7161818.0
2022-10-17,2219.71,7.16,,498780.0,6526810.0
2022-10-18,2249.95,30.24,,580891.0,7249919.0
2022-10-19,2237.44,12.51,,895161.0,7738879.0
2022-10-20,2218.09,19.35,,1108102.0,8325030.0
2022-10-21,2213.12,4.97,,637486.0,6228174.0
2022-10-24,2236.16,23.04,,444820.0,6846985.0
2022-10-25,2235.07,1.09,,456770.0,7030016.0
2022-10-26,2249.56,14.49,,563441.0,7492742.0
2022-10-27,2288.78,39.22,,587872.0,8435336.0
2022-10-28,2268.4,20.38,,427245.0,8289370.0
2022-10-31,2293.61,25.21,,401399.0,8679296.0
2022-11-01,2335.22,41.61,,597205.0,9476615.0
2022-11-02,2336.87,1.65,,450634.0,9568100.0
2022-11-03,2329.17,7.7,,550428.0,9273251.0
2022-11-04,2348.43,19.26,,436430.0,7927339.0
2022-11-07,2371.79,23.36,,392508.0,8059881.0
2022-11-08,2399.04,27.25,,500087.0,8601453.0
2022-11-09,2424.41,25.37,,680722.0,9342671.0
2022-11-10,2402.23,22.18,,899127.0,9344425.0
2022-11-11,2483.16,80.93,,758247.0,13917647.0
2022-11-14,2474.65,8.51,,731166.0,11216385.0
2022-11-15,2480.33,5.68,,617401.0,9308852.0
2022-11-16,2477.45,2.88,,657833.0,9880428.0
2022-11-17,2442.9,34.55,,914519.0,8556988.0
2022-11-18,2444.48,1.58,,589585.0,7444437.0
2022-11-21,2419.5,24.98,,544528.0,7049427.0
2022-11-22,2405.27,14.23,,539169.0,7253675.0
2022-11-23,2418.01,12.74,,474789.0,7477108.0
2022-11-24,2441.33,23.32,,481184.0,6849558.0
2022-11-25,2437.86,3.47,,438394.0,6347578.0
2022-11-28,2408.27,29.59,,350496.0,6462501.0
2022-11-29,2433.39,25.12,,550174.0,6533346.0
2022-11-30,2472.53,39.14,,594127.0,12469429.0
2022-12-01,2479.84,7.31,,491383.0,8850099.0
2022-12-02,2434.33,45.51,,468847.0,7328393.0
2022-12-05,2419.32,15.01,,385586.0,7717406.0
2022-12-06,2393.16,26.16,,368635.0,6477022.0
2022-12-07,2382.81,10.35,,332586.0,6080662.0
2022-12-08,2371.08,11.73,,351939.0,7552996.0
2022-12-09,2389.04,17.96,,315674.0,7220197.0
2022-12-12,2373.02,16.02,,499224.0,5822259.0
2022-12-13,2372.4,0.62,,447565.0,6659361.0
2022-12-14,2399.25,26.85,,409799.0,5724107.0
2022-12-15,2360.97,38.28,,375386.0,6134217.0
2022-12-16,2360.02,0.95,,414172.0,7206180.0
2022-12-19,2352.17,7.85,,323987.0,5018051.0
2022-12-20,2333.29,18.88,,358771.0,5335838.0
2022-12-21,2328.95,4.34,,329724.0,5102489.0
2022-12-22,2356.73,27.78,,553052.0,9460858.0
2022-12-23,2313.69,43.04,,366988.0,5935798.0
2022-12-26,2317.14,3.45,,427844.0,5205750.0
2022-12-27,2332.79,15.65,,448498.0,7126994.0
2022-12-28,2280.45,52.34,,405893.0,7566892.0
2022-12-29,2236.4,44.05,,361194.0,6036542.0
2023-01-02,2225.67,10.73,,346344.0,5200137.0
2023-01-03,2218.68,6.99,,410245.0,6149082.0
2023-01-04,2255.98,37.3,,412841.0,6487597.0
2023-01-05,2264.65,8.67,,430977.0,7521178.0
2023-01-06,2289.97,25.32,,398606.0,6764112.0
2023-01-09,2350.19,60.22,,342095.0,7028980.0
2023-01-10,2351.31,1.12,,359914.0,6702908.0
2023-01-11,2359.53,8.22,,369010.0,6297145.0
2023-01-12,2365.1,5.57,,580433.0,7837776.0
2023-01-13,2386.09,20.99,,862230.0,6976741.0
2023-01-16,2399.86,13.77,,517762.0,6532806.0
2023-01-17,2379.39,20.47,,536811.0,6314017.0
2023-01-18,2368.32,11.07,,537392.0,5498577.0
2023-01-19,2380.34,12.02,,370098.0,5448179.0
2023-01-20,2395.26,14.92,,302506.0,5025541.0
2023-01-25,2428.57,33.31,,550087.0,6665406.0
2023-01-26,2468.65,40.08,,486832.0,8206399.0
2023-01-27,2484.02,15.37,,509288.0,9092447.0
2023-01-30,2450.47,33.55,,475410.0,9220413.0
2023-01-31,2425.08,25.39,,617196.0,10394784.0
2023-02-01,2449.8,24.72,,666296.0,8596021.0
2023-02-02,2468.88,19.08,,693116.0,9121678.0
2023-02-03,2480.4,11.52,,496861.0,8027061.0
2023-02-06,2438.19,42.21,,566819.0,7671311.0
2023-02-07,2451.71,13.52,,451159.0,7594011.0
2023-02-08,2483.64,31.93,,415677.0,8001678.0
2023-02-09,2481.52,2.12,,610694.0,8986377.0
2023-02-10,2469.73,11.79,,662366.0,8402619.0
2023-02-13,2452.7,17.03,,486399.0,7371041.0
2023-02-14,2465.64,12.94,,349432.0,6738874.0
2023-02-15,2427.9,37.74,,387067.0,8758718.0
2023-02-16,2475.48,47.58,,388027.0,9170363.0
2023-02-17,2451.21,24.27,,514047.0,8364504.0
2023-02-20,2455.12,3.91,,390013.0,7535474.0
2023-02-21,2458.96,3.84,,494661.0,7333623.0
2023-02-22,2417.68,41.28,,427482.0,8386250.0
2023-02-23,2439.09,21.41,,400992.0,7451977.0
2023-02-24,2423.61,15.48,,369900.0,6991100.0
2023-02-27,2402.64,20.97,,357218.0,6598230.0
2023-02-28,2412.85,10.21,,529790.0,9274200.0
2023-03-02,2427.85,15.0,,428342.0,9660274.0
2023-03-03,2432.07,4.22,,371882.0,7845380.0
2023-03-06,2462.62,30.55,,418814.0,9781226.0
2023-03-07,2463.35,0.73,,450481.0,10732466.0
2023-03-08,2431.91,31.44,,438359.0,9967055.0
2023-03-09,2419.09,12.82,,476375.0,10357639.0
2023-03-10,2394.59,24.5,,413411.0,7875520.0
2023-03-13,2410.6,16.01,,380740.0,7702302.0
2023-03-14,2348.97,61.63,,485076.0,7794604.0
2023-03-15,2379.72,30.75,,443751.0,7591756.0
2023-03-16,2377.91,1.81,,320194.0,7865787.0
2023-03-17,2395.69,17.78,,364176.0,8617060.0
2023-03-20,2379.2,16.49,,346034.0,6072911.0
2023-03-21,2388.35,9.15,,355195.0,7269040.0
2023-03-22,2416.96,28.61,,501412.0,7890323.0
2023-03-23,2424.48,7.52,,567704.0,10367437.0
2023-03-24,2414.96,9.52,,470659.0,9248184.0
2023-03-27,2409.22,5.74,,472847.0,8534650.0
2023-03-28,2434.94,25.72,,524016.0,8812618.0
2023-03-29,2443.92,8.98,,497218.0,8829889.0
2023-03-30,2453.16,9.24,,629052.0,10846640.0
2023-03-31,2476.86,23.7,,722612.0,12903370.0
2023-04-03,2472.34,4.52,,811724.0,11300346.0
2023-04-04,2480.51,8.17,,832555.0,13496867.0
2023-04-05,2495.21,14.7,,632720.0,9811877.0
2023-04-06,2459.23,35.98,,751378.0,11332653.0
2023-04-07,2490.41,31.18,,586993.0,11250171.0
2023-04-10,2512.08,21.67,,717648.0,13539855.0
2023-04-11,2547.86,35.78,,768176.0,14050595.0
2023-04-12,2550.64,2.78,,900750.0,14426259.0
2023-04-13,2561.66,11.02,,841719.0,11996436.0
2023-04-14,2571.49,9.83,,892446.0,13088201.0
2023-04-17,2575.91,4.42,,775752.0,12793678.0
2023-04-18,2571.09,4.82,,896932.0,14106396.0
2023-04-19,2575.08,3.99,,956994.0,12750865.0
2023-04-20,2563.11,11.97,,951423.0,12415524.0
2023-04-21,2544.4,18.71,,970398.0,12614673.0
2023-04-24,2523.5,20.9,,927191.0,11589467.0
2023-04-25,2489.02,34.48,,886422.0,13681150.0
2023-04-26,2484.83,4.19,,1089216.0,12397514.0
2023-04-27,2495.81,10.98,,733500.0,11142115.0
2023-04-28,2501.53,5.72,,777535.0,14024831.0
2023-05-02,2524.39,22.86,,701399.0,9942387.0
2023-05-03,2501.4,22.99,,889609.0,9865861.0
2023-05-04,2500.94,0.46,,810178.0,10020006.0
2023-05-08,2513.21,12.27,,655536.0,9213044.0
2023-05-09,2510.06,3.15,,751647.0,9351367.0
2023-05-10,2496.51,13.55,,635635.0,8906697.0
2023-05-11,2491.0,5.51,,648134.0,9002407.0
2023-05-12,2475.42,15.58,,798230.0,8589238.0
2023-05-15,2479.35,3.93,,484565.0,6920285.0
2023-05-16,2480.24,0.89,,628744.0,8086956.0
2023-05-17,2494.66,14.42,,564412.0,7218306.0
2023-05-18,2515.4,20.74,,572765.0,7782864.0
2023-05-19,2537.79,22.39,,570097.0,9199949.0
2023-05-22,2557.08,19.29,,593620.0,8214575.0
2023-05-23,2567.55,10.47,,576045.0,7443353.0
2023-05-24,2567.45,0.1,,1072440.0,7900596.0
2023-05-25,2554.69,12.76,,917553.0,9416539.0
2023-05-26,2558.81,4.12,,634759.0,9401899.0
2023-05-30,2585.52,26.71,,641647.0,11066254.0
2023-05-31,2577.12,8.4,,686187.0,15135111.0
2023-06-01,2569.17,7.95,,675233.0,9168502.0
2023-06-02,2601.36,32.19,,569620.0,9383535.0
2023-06-05,2615.41,14.05,,545880.0,8566307.0
2023-06-07,2615.6,0.19,,537617.0,10152915.0
2023-06-08,2610.85,4.75,,581325.0,11473710.0
2023-06-09,2641.16,30.31,,583219.0,11128065.0
2023-06-12,2629.35,11.81,,557056.0,9365137.0
2023-06-13,2637.95,8.6,,694321.0,11153307.0
2023-06-14,2619.08,18.87,,654404.0,13100475.0
2023-06-15,2608.54,10.54,,582437.0,11513807.0
2023-06-16,2625.79,17.25,,673673.0,12620602.0
2023-06-19,2609.5,16.29,,719549.0,11096633.0
2023-06-20,2604.91,4.59,,722541.0,10880372.0
2023-06-21,2582.63,22.28,,659798.0,10654263.0
2023-06-22,2593.7,11.07,,613221.0,8937920.0
2023-06-23,2570.1,23.6,,528307.0,8548517.0
2023-06-26,2582.2,12.1,,481751.0,8437663.0
2023-06-27,2581.39,0.81,,538509.0,8592192.0
2023-06-28,2564.19,17.2,,488768.0,8814329.0
2023-06-29,2550.02,14.17,,604509.0,8824942.0
2023-06-30,2564.28,14.26,,510934.0,8209121.0
2023-07-03,2602.47,38.19,,618006.0,8973590.0
2023-07-04,2593.31,9.16,,674411.0,9160796.0
2023-07-05,2579.0,14.31,,601089.0,10257664.0
2023-07-06,2556.29,22.71,,531900.0,10291029.0
2023-07-07,2526.71,29.58,,613265.0,10367353.0
2023-07-10,2520.7,6.01,,561821.0,9698696.0
2023-07-11,2562.49,41.79,,594135.0,10596471.0
2023-07-12,2574.72,12.23,,696924.0,13229938.0
2023-07-13,2591.23,16.51,,585661.0,13258010.0
2023-07-14,2628.3,37.07,,569815.0,14285300.0
2023-07-17,2619.0,9.3,,550570.0,11732182.0
2023-07-18,2607.62,11.38,,493202.0,12003817.0
2023-07-19,2608.24,0.62,,440074.0,11231686.0
2023-07-20,2600.23,8.01,,372365.0,9473224.0
2023-07-21,2609.76,9.53,,501872.0,12258800.0
2023-07-24,2628.53,18.77,,529363.0,19050421.0
2023-07-25,2636.46,7.93,,723472.0,19204605.0
2023-07-26,2592.36,44.1,,834107.0,36348206.0
2023-07-27,2603.81,11.45,,594163.0,24076449.0
2023-07-28,2608.32,4.51,,503267.0,16807324.0
2023-07-31,2632.58,24.26,,454243.0,15688014.0
2023-08-01,2667.07,34.49,,493643.0,15851941.0
2023-08-02,2616.47,50.6,,704674.0,16001904.0
2023-08-03,2605.39,11.08,,789416.0,14921529.0
2023-08-04,2602.8,2.59,,645750.0,10971353.0
2023-08-07,2580.71,22.09,,504071.0,11894471.0
2023-08-08,2573.98,6.73,,638419.0,12435382.0
2023-08-09,2605.12,31.14,,467527.0,10326262.0
2023-08-10,2601.56,3.56,,568155.0,11349005.0
2023-08-11,2591.26,10.3,,675390.0,10513466.0
2023-08-14,2570.87,20.39,,624378.0,9995329.0
2023-08-16,2525.64,45.23,,685136.0,12025529.0
2023-08-17,2519.85,5.79,,735133.0,10727642.0
2023-08-18,2504.5,15.35,,557785.0,10776836.0
2023-08-21,2508.8,4.3,,399459.0,8524818.0
2023-08-22,2515.74,6.94,,471809.0,9270272.0
2023-08-23,2505.5,10.24,,547170.0,8577994.0
2023-08-24,2537.68,32.18,,441140.0,10099466.0
2023-08-25,2519.14,18.54,,577384.0,8302851.0
2023-08-28,2543.41,24.27,,483588.0,8221906.0
2023-08-29,2552.16,8.75,,441366.0,8275017.0
2023-08-30,2561.22,9.06,,364003.0,7765445.0
2023-08-31,2556.27,4.95,,473169.0,11334961.0
2023-09-01,2563.71,7.44,,493367.0,10029746.0
2023-09-04,2584.55,20.84,,342073.0,8699609.0
2023-09-05,2582.18,2.37,,384579.0,7590069.0
2023-09-06,2563.34,18.84,,422126.0,7626693.0
2023-09-07,2548.26,15.08,,377271.0,8325827.0
2023-09-08,2547.68,0.58,,396289.0,7718993.0
2023-09-11,2556.88,9.2,,411070.0,8340733.0
2023-09-12,2536.58,20.3,,359410.0,8927207.0
2023-09-13,2534.7,1.88,,417576.0,9270999.0
2023-09-14,2572.89,38.19,,412509.0,9577503.0
2023-09-15,2601.28,28.39,,441730.0,11995227.0
2023-09-18,2574.72,26.56,,416290.0,8772091.0
2023-09-19,2559.21,15.51,,462342.0,7827325.0
2023-09-20,2559.74,0.53,,414668.0,7571716.0
2023-09-21,2514.97,44.77,,394676.0,7803097.0
2023-09-22,2508.13,6.84,,433184.0,7063028.0
2023-09-25,2495.76,12.37,,438615.0,7459545.0
2023-09-26,2462.97,32.79,,427476.0,7060837.0
2023-09-27,2465.07,2.1,,366241.0,6761281.0
2023-10-04,2405.69,59.38,,424859.0,10244656.0
2023-10-05,2403.6,2.09,,451722.0,9141361.0
2023-10-06,2408.73,5.13,,289392.0,6522751.0
2023-10-10,2402.58,6.15,,416004.0,9505946.0
2023-10-11,2450.08,47.5,,446949.0,9140843.0
2023-10-12,2479.82,29.74,,515452.0,8929118.0
2023-10-13,2456.15,23.67,,582884.0,7164460.0
2023-10-16,2436.24,19.91,,788356.0,8393100.0
2023-10-17,2460.17,23.93,,509375.0,7711250.0
2023-10-18,2462.6,2.43,,911546.0,8897571.0
2023-10-19,2415.8,46.8,,756947.0,9054474.0
2023-10-20,2375.0,40.8,,521208.0,9295958.0
2023-10-23,2357.02,17.98,,395930.0,7117567.0
2023-10-24,2383.51,26.49,,444165.0,7949285.0
2023-10-25,2363.17,20.34,,440807.0,7832203.0
2023-10-26,2299.08,64.09,,531073.0,9251519.0
2023-10-27,2302.81,3.73,,514876.0,8009948.0
2023-10-30,2310.55,7.74,,444842.0,6954633.0
2023-10-31,2277.99,32.56,,394982.0,8233073.0
2023-11-01,2301.56,23.57,,358157.0,6739278.0
2023-11-02,2343.12,41.56,,377462.0,7679305.0
2023-11-03,2368.34,25.22,,578662.0,8040958.0
2023-11-06,2502.37,134.03,,528585.0,15225480.0
2023-11-07,2443.96,58.41,,457676.0,12086570.0
2023-11-08,2421.62,22.34,,467217.0,7667332.0
2023-11-09,2427.08,5.46,,395031.0,7288448.0
2023-11-10,2409.66,17.42,,312468.0,5825602.0
2023-11-13,2403.76,5.9,,307123.0,5934173.0
2023-11-14,2433.25,29.49,,306964.0,6382101.0
2023-11-15,2486.67,53.42,,419843.0,9328219.0
2023-11-16,2488.18,1.51,,407441.0,6806414.0
2023-11-17,2469.85,18.33,,388974.0,8129523.0
2023-11-20,2491.2,21.35,,323806.0,6586445.0
2023-11-21,2510.42,19.22,,345055.0,7713377.0
2023-11-22,2511.7,1.28,,439485.0,7755316.0
2023-11-23,2514.96,3.26,,360874.0,6577868.0
2023-11-24,2496.63,18.33,,359383.0,6537961.0
2023-11-27,2495.66,0.97,,364744.0,8376476.0
2023-11-28,2521.76,26.1,,443090.0,8753424.0
2023-11-29,2519.81,1.95,,579271.0,9428200.0
2023-11-30,2535.29,15.48,,664284.0,11992488.0
2023-12-01,2505.01,30.28,,516596.0,8837750.0
2023-12-04,2514.95,9.94,,498861.0,8772367.0
2023-12-05,2494.28,20.67,,427067.0,8300522.0
2023-12-06,2495.38,1.1,,390989.0,7685320.0
2023-12-07,2492.07,3.31,,446877.0,8127636.0
2023-12-08,2517.85,25.78,,431797.0,7916793.0
2023-12-11,2525.36,7.51,,435004.0,8260508.0
2023-12-12,2535.27,9.91,,378034.0,7732530.0
2023-12-13,2510.66,24.61,,377934.0,7513617.0
2023-12-14,2544.18,33.52,,530123.0,12960671.0
2023-12-15,2563.56,19.38,,465314.0,12873295.0
2023-12-18,2566.86,3.3,,384828.0,10181568.0
2023-12-19,2568.55,1.69,,392497.0,8418111.0
2023-12-20,2614.3,45.75,,570423.0,11202543.0
2023-12-21,2600.02,14.28,,578335.0,9467809.0
2023-12-22,2599.51,0.51,,465967.0,8848288.0
2023-12-26,2602.59,3.08,,440428.0,9582766.0
2023-12-27,2613.5,10.91,,349733.0,10359764.0
2023-12-28,2655.28,41.78,,460087.0,9418930.0
2024-01-02,2669.81,14.53,,409872.0,9628190.0
2024-01-03,2607.31,62.5,,463132.0,10121578.0
2024-01-04,2587.02,20.29,,770176.0,8992274.0
2024-01-05,2578.08,8.94,,522290.0,8384473.0
2024-01-08,2567.82,10.26,,320144.0,6763632.0
2024-01-09,2561.24,6.58,,791214.0,8896714.0
2024-01-10,2541.98,19.26,,570021.0,8795835.0
2024-01-11,2540.27,1.71,,788423.0,13669890.0
2024-01-12,2525.05,15.22,,790177.0,8368766.0
2024-01-15,2525.99,0.94,,802102.0,8182707.0
2024-01-16,2497.59,28.4,,659579.0,8828509.0
2024-01-17,2435.9,61.69,,965595.0,11281598.0
2024-01-18,2440.04,4.14,,571507.0,8300178.0
2024-01-19,2472.74,32.7,,518807.0,9174537.0
2024-01-22,2464.35,8.39,,388046.0,8419916.0
2024-01-23,2478.61,14.26,,472284.0,8029400.0
2024-01-24,2469.69,8.92,,395464.0,7446527.0
2024-01-25,2470.34,0.65,,357234.0,8124338.0
2024-01-26,2478.56,8.22,,292662.0,7144493.0
2024-01-29,2500.65,22.09,,427440.0,8958521.0
2024-01-30,2498.81,1.84,,481809.0,8734431.0
2024-01-31,2497.09,1.72,,454574.0,9000430.0
2024-02-01,2542.46,45.37,,751075.0,13462482.0
2024-02-02,2615.31,72.85,,596121.0,14368150.0
2024-02-05,2591.31,24.0,,511678.0,12476233.0
2024-02-06,2576.2,15.11,,411618.0,10386506.0
2024-02-07,2609.58,33.38,,518182.0,11491680.0
2024-02-08,2620.32,10.74,,430009.0,12493448.0
2024-02-13,2649.64,29.32,,559385.0,13294429.0
2024-02-14,2620.42,29.22,,543525.0,10107666.0
2024-02-15,2613.8,6.62,,621363.0,10691024.0
2024-02-16,2648.76,34.96,,593842.0,10221804.0
2024-02-19,2680.26,31.5,,422699.0,9820891.0
2024-02-20,2657.79,22.47,,612668.0,9999238.0
2024-02-21,2653.31,4.48,,562144.0,9150151.0
2024-02-22,2664.27,10.96,,456397.0,10278919.0
2024-02-23,2667.7,3.43,,415376.0,10282074.0
2024-02-26,2647.08,20.62,,531661.0,10950641.0
2024-02-27,2625.05,22.03,,574302.0,12634502.0
2024-02-28,2652.29,27.24,,421553.0,10266443.0
2024-02-29,2642.36,9.93,,496064.0,12975398.0
2024-03-04,2674.27,31.91,,404014.0,12680158.0
2024-03-05,2649.4,24.87,,457237.0,12207053.0
2024-03-06,2641.49,7.91,,378994.0,10533006.0
2024-03-07,2647.62,6.13,,462911.0,10871921.0
2024-03-08,2680.35,32.73,,454260.0,11479441.0
2024-03-11,2659.84,20.51,,391385.0,8856059.0
2024-03-12,2681.81,21.97,,403969.0,9731031.0
2024-03-13,2693.57,11.76,,498760.0,10957571.0
2024-03-14,2718.76,25.19,,609288.0,14142603.0
2024-03-15,2666.84,51.92,,584948.0,13235768.0
2024-03-18,2685.84,19.0,,408182.0,9523806.0
2024-03-19,2656.17,29.67,,695866.0,10702805.0
2024-03-20,2690.14,33.97,,720452.0,12739395.0
2024-03-21,2754.86,64.72,,825227.0,14013557.0
2024-03-22,2748.56,6.3,,509545.0,11532687.0
2024-03-25,2737.57,10.99,,489620.0,9979717.0
2024-03-26,2757.09,19.52,,448301.0,12188273.0
2024-03-27,2755.11,1.98,,510644.0,12461944.0
2024-03-28,2745.82,9.29,,419278.0,11925009.0
2024-03-29,2746.63,0.81,,495496.0,11190103.0
2024-04-01,2747.86,1.23,,397601.0,10066835.0
2024-04-02,2753.16,5.3,,630393.0,13116888.0
2024-04-03,2706.97,46.19,,640806.0,13257040.0
2024-04-04,2742.0,35.03,,477953.0,11978194.0
2024-04-05,2714.21,27.79,,621031.0,11293864.0
2024-04-08,2717.65,3.44,,620653.0,10560913.0
2024-04-09,2705.16,12.49,,470184.0,10037705.0
2024-04-11,2706.96,1.8,,561333.0,12789893.0
2024-04-12,2681.82,25.14,,514575.0,11903471.0
2024-04-15,2670.43,11.39,,561950.0,10506647.0
2024-04-16,2609.63,60.8,,570212.0,12257739.0
2024-04-17,2584.18,25.45,,414348.0,9779318.0
2024-04-18,2634.7,50.52,,478786.0,10571080.0
2024-04-19,2591.86,42.84,,809473.0,14044807.0
2024-04-22,2629.44,37.58,,401892.0,11021071.0
2024-04-23,2623.02,6.42,,430276.0,9948338.0
2024-04-24,2675.75,52.73,,325740.0,10227695.0
2024-04-25,2628.62,47.13,,334062.0,8987959.0
2024-04-26,2656.33,27.71,,450521.0,10148866.0
2024-04-29,2687.44,31.11,,470546.0,10491388.0
2024-04-30,2692.06,4.62,,460084.0,11347130.0
2024-05-02,2683.65,8.41,,351087.0,9059053.0
2024-05-03,2676.63,7.02,,338612.0,7850447.0
2024-05-07,2734.36,57.73,,532203.0,11153672.0
2024-05-08,2745.05,10.69,,436315.0,10293633.0
2024-05-09,2712.14,32.91,,423811.0,11102793.0
2024-05-10,2727.63,15.49,,586133.0,11566879.0
2024-05-13,2727.21,0.42,,625278.0,13054660.0
2024-05-14,2730.34,3.13,,443296.0,9491100.0
2024-05-16,2753.0,22.66,,521841.0,13253186.0
2024-05-17,2724.62,28.38,,575936.0,11008339.0
2024-05-20,2742.14,17.52,,582071.0,12502254.0
2024-05-21,2724.18,17.96,,560819.0,10490361.0
2024-05-22,2723.46,0.72,,484724.0,12378510.0
2024-05-23,2721.81,1.65,,428079.0,11449262.0
2024-05-24,2687.6,34.21,,501639.0,12363445.0
2024-05-27,2722.99,35.39,,556710.0,15847768.0
2024-05-28,2722.85,0.14,,440957.0,11586996.0
2024-05-29,2677.3,45.55,,438981.0,13076461.0
2024-05-30,2635.44,41.86,,372742.0,11132063.0
2024-05-31,2636.52,1.08,,613718.0,16353907.0
2024-06-03,2682.52,46.0,,782329.0,13995552.0
2024-06-04,2662.1,20.42,,773460.0,12649033.0
2024-06-05,2689.5,27.4,,881481.0,13624988.0
2024-06-07,2722.67,33.17,,783871.0,12465270.0
2024-06-10,2701.17,21.5,,506892.0,11327687.0
2024-06-11,2705.32,4.15,,558893.0,11776520.0
2024-06-12,2728.17,22.85,,511009.0,11839576.0
2024-06-13,2754.89,26.72,,700027.0,19135858.0
2024-06-14,2758.42,3.53,,644979.0,16187046.0
2024-06-17,2744.1,14.32,,593985.0,12457646.0
2024-06-18,2763.92,19.82,,561975.0,13269478.0
2024-06-19,2797.33,33.41,,646706.0,14069564.0
2024-06-20,2807.63,10.3,,758166.0,13576970.0
2024-06-21,2784.26,23.37,,631143.0,14492985.0
2024-06-24,2764.73,19.53,,594166.0,11082707.0
2024-06-25,2774.39,9.66,,714242.0,11767748.0
2024-06-26,2792.05,17.66,,535034.0,11325143.0
2024-06-27,2784.06,7.99,,397169.0,10271109.0
2024-06-28,2797.82,13.76,,610550.0,11020138.0
2024-07-01,2804.31,6.49,,459218.0,9945337.0
2024-07-02,2780.86,23.45,,538842.0,11648477.0
2024-07-03,2794.01,13.15,,340338.0,10243957.0
2024-07-04,2824.94,30.93,,393739.0,13067110.0
2024-07-05,2862.23,37.29,,378159.0,13142275.0
2024-07-08,2857.76,4.47,,425056.0,9938577.0
2024-07-09,2867.38,9.62,,456429.0,11241864.0
2024-07-10,2867.99,0.61,,472473.0,11841459.0
2024-07-11,2891.35,23.36,,462217.0,14649701.0
2024-07-12,2857.0,34.35,,408178.0,14085703.0
2024-07-15,2860.92,3.92,,424458.0,12165673.0
2024-07-16,2866.09,5.17,,677905.0,12660326.0
2024-07-17,2843.29,22.8,,549094.0,13923509.0
2024-07-18,2824.35,18.94,,658375.0,15548196.0
2024-07-19,2795.46,28.89,,426208.0,9585235.0
2024-07-22,2763.51,31.95,,463878.0,10499644.0
2024-07-23,2774.29,10.78,,423403.0,11526842.0
2024-07-24,2758.71,15.58,,469221.0,11053910.0
2024-07-25,2710.65,48.06,,440318.0,13673709.0
2024-07-26,2731.9,21.25,,516468.0,12971732.0
2024-07-29,2765.53,33.63,,456516.0,10963603.0
2024-07-30,2738.19,27.34,,392868.0,10199651.0
2024-07-31,2770.69,32.5,,557090.0,12197992.0
2024-08-01,2777.68,6.99,,480834.0,10904975.0
2024-08-02,2676.19,101.49,,531785.0,13102123.0
2024-08-05,2441.55,234.64,,763778.0,18781701.0
2024-08-06,2522.15,80.6,,567266.0,15535849.0
2024-08-07,2568.41,46.26,,476991.0,13081660.0
2024-08-08,2556.73,11.68,,495299.0,11463675.0
2024-08-09,2588.43,31.7,,475012.0,9721687.0
2024-08-12,2618.3,29.87,,293084.0,7601222.0
2024-08-13,2621.5,3.2,,378532.0,8965946.0
2024-08-14,2644.5,23.0,,328748.0,8867077.0
2024-08-16,2697.23,52.73,,385852.0,11192930.0
2024-08-19,2674.36,22.87,,395637.0,9262568.0
2024-08-20,2696.63,22.27,,484188.0,8954163.0
2024-08-21,2701.13,4.5,,417330.0,9378558.0
2024-08-22,2707.67,6.54,,441756.0,8946317.0
2024-08-23,2701.69,5.98,,330592.0,8285768.0
2024-08-26,2698.01,3.68,,333688.0,9087411.0
2024-08-27,2689.25,8.76,,264057.0,8050720.0
2024-08-28,2689.83,0.58,,280774.0,10567478.0
2024-08-29,2662.28,27.55,,288836.0,11464720.0
2024-08-30,2674.31,12.03,,278845.0,10340761.0
2024-09-02,2681.0,6.69,,266993.0,8669963.0
2024-09-03,2664.63,16.37,,303460.0,8978417.0
2024-09-04,2580.8,83.83,,455469.0,11370290.0
2024-09-05,2575.5,5.3,,379003.0,10189751.0
2024-09-06,2544.28,31.22,,374782.0,8685310.0
2024-09-09,2535.93,8.35,,270231.0,7454381.0
2024-09-10,2523.43,12.5,,347650.0,8421867.0
2024-09-11,2513.37,10.06,,302561.0,9623016.0
2024-09-12,2572.09,58.72,,340479.0,11282357.0
2024-09-13,2575.41,3.32,,358263.0,8422029.0
2024-09-19,2580.8,5.39,,385081.0,12871059.0
2024-09-20,2593.37,12.57,,495964.0,14276593.0
2024-09-23,2602.01,8.64,,339140.0,9526459.0
2024-09-24,2631.68,29.67,,355097.0,10338361.0
2024-09-25,2596.32,35.36,,454472.0,11671497.0
2024-09-26,2671.57,75.25,,324889.0,11602406.0
2024-09-27,2649.78,21.79,,413004.0,11987018.0
2024-09-30,2593.27,56.51,,358916.0,10806867.0
2024-10-02,2561.69,31.58,,351004.0,9607877.0
2024-10-04,2569.71,8.02,,414329.0,10016557.0
2024-10-07,2610.38,40.67,,343671.0,10378944.0
2024-10-08,2594.36,16.02,,318240.0,9168276.0
2024-10-10,2599.16,4.8,,618560.0,13867594.0
2024-10-11,2596.91,2.25,,491276.0,9548436.0
2024-10-14,2623.29,26.38,,401706.0,8525414.0
2024-10-15,2633.45,10.16,,438293.0,10054356.0
2024-10-16,2610.36,23.09,,437553.0,10053097.0
2024-10-17,2609.3,1.06,,331265.0,9953645.0
2024-10-18,2593.82,15.48,,265201.0,8274854.0
2024-10-21,2604.92,11.1,,240675.0,7757214.0
2024-10-22,2570.7,34.22,,343318.0,8958061.0
2024-10-23,2599.62,28.92,,352421.0,9430155.0
2024-10-24,2581.03,18.59,,343098.0,9733937.0
2024-10-25,2583.27,2.24,,462898.0,10286877.0
2024-10-28,2612.43,29.16,,333736.0,9133006.0
2024-10-29,2617.8,5.37,,363290.0,9341171.0
2024-10-30,2593.79,24.01,,487359.0,9067046.0
2024-10-31,2556.15,37.64,,406613.0,10980673.0
2024-11-01,2542.36,13.79,,319849.0,7944318.0
2024-11-04,2588.97,46.61,,373943.0,8064749.0
2024-11-05,2576.88,12.09,,310875.0,7716008.0
2024-11-06,2563.51,13.37,,548506.0,11791888.0
2024-11-07,2564.63,1.12,,465146.0,10809704.0
2024-11-08,2561.15,3.48,,448734.0,9921212.0
2024-11-11,2531.66,29.49,,572197.0,11290168.0
2024-11-12,2482.57,49.09,,735813.0,12848018.0
2024-11-13,2417.08,65.49,,619176.0,11208360.0
2024-11-14,2418.86,1.78,,639990.0,13017388.0
2024-11-15,2416.86,2.0,,623327.0,12365759.0
2024-11-18,2469.07,52.21,,443926.0,10621301.0
2024-11-19,2471.95,2.88,,410856.0,9085861.0
2024-11-20,2482.29,10.34,,408790.0,7820085.0
2024-11-21,2480.63,1.66,,451119.0,8356409.0
2024-11-22,2501.24,20.61,,543518.0,8017171.0
2024-11-25,2534.34,33.1,,564692.0,13495228.0
2024-11-26,2520.36,13.98,,441709.0,8709923.0
2024-11-27,2503.06,17.3,,414339.0,8586049.0
2024-11-28,2504.67,1.61,,342571.0,7572753.0
2024-11-29,2455.91,48.76,,384278.0,9106482.0
2024-12-02,2454.48,1.43,,328110.0,7591740.0
2024-12-03,2500.1,45.62,,324138.0,9145173.0
2024-12-04,2464.0,36.1,,670284.0,13296925.0
2024-12-05,2441.85,22.15,,519352.0,9720716.0
2024-12-06,2428.16,13.69,,630409.0,10726880.0
2024-12-09,2360.58,67.58,,591644.0,10004535.0
2024-12-10,2417.84,57.26,,598770.0,9303804.0
2024-12-11,2442.51,24.67,,617716.0,7745861.0
2024-12-12,2482.12,39.61,,664187.0,12259144.0
2024-12-13,2494.46,12.34,,577737.0,8849455.0
2024-12-16,2488.97,5.49,,526708.0,8466422.0
2024-12-17,2456.81,32.16,,559040.0,9284836.0
2024-12-18,2484.43,27.62,,441678.0,8338566.0
2024-12-19,2435.93,48.5,,504467.0,8443750.0
2024-12-20,2404.15,31.78,,617782.0,9347348.0
2024-12-23,2442.01,37.86,,428167.0,7375540.0
2024-12-24,2440.52,1.49,,386778.0,6740790.0
2024-12-26,2429.67,10.85,,322800.0,6410407.0
2024-12-27,2404.77,24.9,,311291.0,6339607.0
2024-12-30,2399.49,5.28,,303964.0,5315451.0
2025-01-02,2398.94,0.55,,350692.0,6958649.0
2025-01-03,2441.92,42.98,,407536.0,8230070.0
2025-01-06,2488.64,46.72,,302761.0,8142308.0
2025-01-07,2492.1,3.46,,407693.0,9405964.0
2025-01-08,2521.05,28.95,,362909.0,10391058.0
2025-01-09,2521.9,0.85,,404290.0,11524454.0
2025-01-10,2515.78,6.12,,377587.0,9691008.0
2025-01-13,2489.56,26.22,,578565.0,9049053.0
2025-01-14,2497.4,7.84,,414488.0,8199245.0
2025-01-15,2496.81,0.59,,538534.0,9176244.0
2025-01-16,2527.49,30.68,,451063.0,9432261.0
2025-01-17,2523.55,3.94,,445885.0,10011840.0
2025-01-20,2520.05,3.5,,437546.0,8663519.0
2025-01-21,2518.03,2.02,,572011.0,9323574.0
2025-01-22,2547.06,29.03,,583737.0,11074515.0
2025-01-23,2515.49,31.57,,609742.0,9907821.0
2025-01-24,2536.8,21.31,,602015.0,10179284.0
2025-01-31,2517.37,19.43,,454403.0,13759431.0
2025-02-03,2453.95,63.42,,522848.0,11649963.0
2025-02-04,2481.69,27.74,,479377.0,11000938.0
2025-02-05,2509.27,27.58,,437344.0,9949595.0
2025-02-06,2536.75,27.48,,479697.0,11863048.0
2025-02-07,2521.92,14.83,,419872.0,10240141.0
2025-02-10,2521.27,0.65,,393564.0,10582466.0
2025-02-11,2539.05,17.78,,451093.0,11023156.0
2025-02-12,2548.39,9.34,,464894.0,13668984.0
2025-02-13,2583.17,34.78,,680342.0,17104156.0
2025-02-14,2591.05,7.88,,499365.0,13917626.0
2025-02-17,2610.42,19.37,,366340.0,11017333.0
2025-02-18,2626.81,16.39,,421993.0,12618242.0
2025-02-19,2671.52,44.71,,525799.0,14851622.0
2025-02-20,2654.06,17.46,,529303.0,14551191.0
2025-02-21,2654.58,0.52,,444704.0,11381060.0
2025-02-24,2645.27,9.31,,536354.0,10802085.0
2025-02-25,2630.29,14.98,,410285.0,10508476.0
2025-02-26,2641.09,10.8,,386763.0,11218720.0
2025-02-27,2621.75,19.34,,513910.0,10802121.0
2025-02-28,2532.78,88.97,,588572.0,15637225.0
2025-03-04,2528.92,3.86,,484081.0,13115384.0
2025-03-05,2558.13,29.21,,569412.0,13021642.0
2025-03-06,2576.16,18.03,,609616.0,11319665.0
2025-03-07,2563.48,12.68,,567191.0,12155165.0
2025-03-10,2570.39,6.91,,435695.0,9881354.0
2025-03-11,2537.6,32.79,,399016.0,10917541.0
2025-03-12,2574.82,37.22,,401645.0,12284769.0
2025-03-13,2573.64,1.18,,427292.0,13112911.0
2025-03-14,2566.36,7.28,,362329.0,9941800.0
2025-03-17,2610.69,44.33,,396574.0,11995073.0
2025-03-18,2612.34,1.65,,555527.0,12034579.0
2025-03-19,2628.62,16.28,,653327.0,11841495.0
2025-03-20,2637.1,8.48,,455019.0,11989258.0
2025-03-21,2643.13,6.03,,497529.0,14188128.0
2025-03-24,2632.07,11.06,,372432.0,6924064.0
2025-03-25,2615.81,16.26,,439279.0,8305060.0
2025-03-26,2643.94,28.13,,507916.0,7655330.0
2025-03-27,2607.15,36.79,,403314.0,7676249.0
2025-03-28,2557.98,49.17,,513561.0,7150422.0
2025-03-31,2481.12,76.86,,391593.0,8236353.0
2025-04-01,2521.39,40.27,,453394.0,6939450.0
2025-04-02,2505.86,15.53,,515600.0,7316125.0
2025-04-03,2486.7,19.16,,480057.0,8267471.0
2025-04-04,2465.42,21.28,,695075.0,10742834.0
2025-04-07,2328.2,137.22,,619501.0,10505493.0
2025-04-08,2334.23,6.03,,557018.0,9122474.0
2025-04-09,2293.7,40.53,,699642.0,9560333.0
2025-04-10,2445.06,151.36,,670388.0,11055426.0
2025-04-11,2432.72,12.34,,369703.0,7687103.0
2025-04-14,2455.89,23.17,,488618.0,6687794.0
2025-04-15,2477.41,21.52,,560340.0,6510809.0
2025-04-16,2447.43,29.98,,613174.0,6725688.0
2025-04-17,2470.41,22.98,,601739.0,6606299.0
2025-04-18,2483.42,13.01,,450985.0,5649647.0
2025-04-21,2488.42,5.0,,428977.0,5239733.0
2025-04-22,2486.64,1.78,,416680.0,6182471.0
2025-04-23,2525.56,38.92,,538116.0,7764180.0
2025-04-24,2522.33,3.23,,327935.0,7272322.0
2025-04-25,2546.3,23.97,,403528.0,8760600.0
2025-04-28,2548.86,2.56,,454102.0,7803355.0
2025-04-29,2565.42,16.56,,547081.0,9215174.0
2025-04-30,2556.61,8.81,,487489.0,8435602.0
2025-05-02,2559.79,3.18,,585492.0,8327449.0
2025-05-07,2573.8,14.01,,546755.0,8935449.0
2025-05-08,2579.48,5.68,,471636.0,10270131.0
2025-05-09,2577.27,2.21,,485550.0,8034853.0
2025-05-12,2607.33,30.06,,409749.0,8527540.0
2025-05-13,2608.42,1.09,,422460.0,8746089.0
2025-05-14,2640.57,32.15,,390504.0,8893192.0
2025-05-15,2621.36,19.21,,339579.0,7254025.0
2025-05-16,2626.87,5.51,,359707.0,8025032.0
2025-05-19,2603.42,23.45,,313296.0,6752438.0
2025-05-20,2601.8,1.62,,456989.0,7661430.0
2025-05-21,2625.58,23.78,,371527.0,7441129.0
2025-05-22,2593.67,31.91,,358064.0,8965468.0
2025-05-23,2592.09,1.58,,434024.0,8659674.0
2025-05-26,2644.4,52.31,,380173.0,8342810.0
2025-05-27,2637.22,7.18,,318286.0,7908808.0
2025-05-28,2670.15,32.93,,405474.0,11238814.0
2025-05-29,2720.64,50.49,,448341.0,10895570.0
2025-05-30,2697.67,22.97,,525661.0,14803606.0
2025-06-02,2698.97,1.3,,323604.0,8062944.0
2025-06-04,2770.84,71.87,,489937.0,12106350.0
2025-06-05,2812.05,41.21,,556013.0,13293000.0
2025-06-09,2855.77,43.72,,537617.0,14030331.0
2025-06-10,2871.85,16.08,,508185.0,14289818.0
2025-06-11,2907.04,35.19,,393930.0,12475003.0
2025-06-12,2920.03,12.99,,713706.0,17344656.0
2025-06-13,2894.62,25.41,,931658.0,17462764.0
2025-06-16,2946.66,52.04,,726352.0,14401114.0
2025-06-17,2950.3,3.64,,939594.0,17915935.0
2025-06-18,2972.19,21.89,,576548.0,14668323.0
2025-06-19,2977.74,5.55,,433311.0,13786566.0
2025-06-20,3021.84,44.1,,484865.0,17974844.0
2025-06-23,3014.47,7.37,,625651.0,17879770.0
2025-06-24,3103.64,89.17,,579201.0,19107340.0
2025-06-25,3108.25,4.61,,644761.0,19662628.0
2025-06-26,3079.56,28.69,,460612.0,17030574.0
2025-06-27,3055.94,23.62,,381634.0,13970283.0
2025-06-30,3071.7,15.76,,464163.0,13333814.0
2025-07-01,3089.65,17.95,,576017.0,15184804.0
2025-07-02,3075.06,14.59,,696798.0,14829870.0
2025-07-03,3116.27,41.21,,539120.0,14883214.0
2025-07-04,3054.28,61.99,,520763.0,13571164.0
2025-07-07,3059.47,5.19,,359405.0,10204543.0
2025-07-08,3114.95,55.48,,745793.0,13491405.0
2025-07-09,3133.74,18.79,,642961.0,12654910.0
2025-07-10,3183.23,49.49,,596572.0,14124821.0
2025-07-11,3175.77,7.46,,465292.0,13342066.0
2025-07-14,3202.03,26.26,,444036.0,11565586.0
2025-07-15,3215.28,13.25,,419652.0,12238772.0
2025-07-16,3186.38,28.9,,531499.0,11328776.0
2025-07-17,3192.29,5.91,,424788.0,15365406.0
2025-07-18,3188.07,4.22,,393449.0,11939230.0
2025-07-21,3210.81,22.74,,343911.0,10662279.0
2025-07-22,3169.94,40.87,,378486.0,11604659.0
2025-07-23,3183.77,13.83,,664826.0,12201365.0
2025-07-24,3190.45,6.68,,425500.0,12993187.0
2025-07-25,3196.05,5.6,,389291.0,9822238.0
2025-07-28,3209.52,13.47,,502720.0,13872945.0
2025-07-29,3230.57,21.05,,373203.0,12769213.0
2025-07-30,3254.47,23.9,,338074.0,12968500.0
2025-07-31,3245.44,9.03,,540324.0,16455572.0
2025-08-01,3119.41,126.03,,507776.0,15281249.0
2025-08-04,3147.75,28.34,,293454.0,9724691.0
2025-08-05,3198.0,50.25,,273440.0,10950201.0
2025-08-06,3198.14,0.14,,327358.0,11128302.0
2025-08-07,3227.68,29.54,,327048.0,11201368.0
2025-08-08,3210.01,17.67,,341443.0,11401117.0
2025-08-11,3206.77,3.24,,304968.0,10338941.0
2025-08-12,3189.91,16.86,,373217.0,10165450.0
2025-08-13,3224.37,34.46,,320070.0,10352060.0
2025-08-14,3225.66,1.29,,441468.0,10002173.0
2025-08-18,3177.28,48.38,,326133.0,8941932.0
2025-08-19,3151.56,25.72,,285291.0,8624170.0
2025-08-20,3130.09,21.47,,335285.0,11773563.0
2025-08-21,3141.74,11.65,,276915.0,10893275.0
2025-08-22,3168.73,26.99,,236797.0,8337524.0
2025-08-25,3209.86,41.13,,220165.0,8091673.0
2025-08-26,3179.36,30.5,,325353.0,12954910.0
2025-08-27,3187.16,7.8,,281721.0,8851872.0
2025-08-28,3196.32,9.16,,312188.0,9875760.0
2025-08-29,3186.01,10.31,,245132.0,8969308.0
2025-09-01,3142.93,43.08,,260138.0,8003231.0
2025-09-02,3172.35,29.42,,310678.0,8676468.0
2025-09-03,3184.42,12.07,,335816.0,8811869.0
2025-09-04,3200.83,16.41,,286256.0,7977947.0
2025-09-05,3205.12,4.29,,323845.0,10942042.0
2025-09-08,3219.59,14.47,,372300.0,8217818.0
2025-09-09,3260.05,40.46,,439946.0,10628641.0
2025-09-10,3314.53,54.48,,564707.0,13703545.0
2025-09-11,3344.2,29.67,,435589.0,14947009.0
2025-09-12,3395.54,51.34,,448857.0,13932277.0
2025-09-15,3407.31,11.77,,378854.0,12792738.0
2025-09-16,3449.62,42.31,,406214.0,14058945.0
2025-09-17,3413.4,36.22,,326610.0,11611597.0
2025-09-18,3461.3,47.9,,391177.0,12409117.0
2025-09-19,3445.24,16.06,,348845.0,15111283.0
2025-09-22,3468.65,23.41,,287867.0,11996187.0
2025-09-23,3486.19,17.54,,358335.0,12152383.0
2025-09-24,3472.14,14.05,,287145.0,11806998.0
2025-09-25,3471.11,1.03,,293075.0,12640781.0
2025-09-26,3386.05,85.06,,399150.0,12606212.0
2025-09-29,3431.21,45.16,,416480.0,10008859.0
2025-09-30,3424.6,6.61,,526402.0,11157443.0
2025-10-01,3455.83,31.23,,493641.0,12344643.0
2025-10-02,3549.21,93.38,,402107.0,19456117.0
2025-10-10,3610.6,61.39,,407411.0,19600845.0
2025-10-13,3584.55,26.05,,408033.0,14270856.0
2025-10-14,3561.81,22.74,,734085.0,18926398.0
2025-10-15,3657.28,95.47,,543607.0,13879932.0
2025-10-16,3748.37,91.09,,495791.0,17664818.0
2025-10-17,3748.89,0.52,,420770.0,17268693.0
2025-10-20,3814.69,65.8,,410147.0,14190573.0
2025-10-21,3823.84,9.15,,526854.0,19373491.0
2025-10-22,3883.68,59.84,,597216.0,15451169.0
2025-10-23,3845.56,38.12,,423588.0,16255706.0
2025-10-24,3941.59,96.03,,426897.0,17800794.0
2025-10-27,4042.83,101.24,,516999.0,20122806.0
2025-10-28,4010.41,32.42,,408225.0,19719873.0
2025-10-29,4081.15,70.74,,466898.0,22033182.0
2025-10-30,4086.89,5.74,,566538.0,24198287.0
2025-10-31,4107.5,20.61,,408275.0,22950425.0
2025-11-03,4221.87,114.37,,472676.0,22728715.0
2025-11-04,4121.74,100.13,,423543.0,20785687.0
2025-11-05,4004.42,117.32,,594163.0,29186234.0
2025-11-06,4026.45,22.03,,423421.0,21483949.0
2025-11-07,3953.76,72.69,,377050.0,18794296.0
2025-11-10,4073.24,119.48,,339514.0,16685676.0
2025-11-11,4106.39,33.15,,377554.0,20118819.0
2025-11-12,4150.39,44.0,,334584.0,15670659.0
2025-11-13,4170.63,20.24,,424189.0,17517048.0
2025-11-14,4011.57,159.06,,399992.0,17968602.0
2025-11-17,4089.25,77.68,,344097.0,14352977.0
2025-11-18,3953.62,135.63,,319660.0,14077478.0
2025-11-19,3929.51,24.11,,338242.0,14586911.0
2025-11-20,4004.85,75.34,,360282.0,15143579.0
2025-11-21,3853.26,151.59,,319324.0,14166906.0
2025-11-24,3846.06,7.2,,373120.0,21411253.0
2025-11-25,3857.78,11.72,,279294.0,13275808.0
2025-11-26,3960.87,103.09,,295327.0,15777743.0
2025-11-27,3986.91,26.04,,257855.0,13008961.0
2025-11-28,3926.59,60.32,,241923.0,11927326.0
2025-12-01,3920.37,6.22,,296915.0,11805573.0
2025-12-02,3994.93,74.56,,319035.0,12439175.0
2025-12-03,4036.3,41.37,,290896.0,13375748.0
2025-12-04,4028.51,7.79,,352043.0,13716193.0
2025-12-05,4100.05,71.54,,478513.0,16308815.0
2025-12-08,4154.85,54.8,,395583.0,15207839.0
2025-12-09,4143.55,11.3,,400643.0,13328759.0
2025-12-10,4135.0,8.55,,317902.0,12625783.0
2025-12-11,4110.62,24.38,,539843.0,20308403.0
2025-12-12,4167.16,56.54,,426616.0,16545775.0
2025-12-15,4090.59,76.57,,346845.0,15438300.0
2025-12-16,3999.13,91.46,,373990.0,16525588.0
2025-12-17,4056.41,57.28,,360956.0,12968280.0
2025-12-18,3994.51,61.9,,581445.0,13077588.0
2025-12-19,4020.55,26.04,,442664.0,16470368.0
2025-12-22,4105.93,85.38,,315627.0,13013702.0
2025-12-23,4117.32,11.39,,385848.0,13460734.0
2025-12-24,4108.62,8.7,,363614.0,12114977.0
2025-12-26,4129.68,21.06,,510162.0,16273592.0
2025-12-29,4220.56,90.88,,502394.0,14535158.0
2025-12-30,4214.17,6.39,,408198.0,13213492.0
2026-01-02,4309.63,95.46,,406339.0,17521809.0
2026-01-05,4457.52,147.89,,513870.0,22783803.0
2026-01-06,4525.48,67.96,,498391.0,25518237.0
2026-01-07,4551.06,25.58,,553654.0,29139900.0
2026-01-08,4552.37,1.31,,440086.0,27476982.0
2026-01-09,4586.32,33.95,,399220.0,23478838.0
2026-01-12,4624.79,38.47,,394753.0,23073768.0
2026-01-13,4692.64,67.85,,429151.0,25240608.0
2026-01-14,4723.1,30.46,,550416.0,24217478.0
2026-01-15,4797.55,74.45,,545175.0,23826144.0
2026-01-16,4840.74,43.19,,720906.0,26948188.0
2026-01-19,4904.66,63.92,,570841.0,25214738.0
2026-01-20,4885.75,18.91,,667709.0,27148847.0
2026-01-21,4909.93,24.18,,600101.0,30093032.0
2026-01-22,4952.53,42.6,,568624.0,32919611.0
2026-01-23,4990.07,37.54,,612602.0,30017138.0
2026-01-26,4949.59,40.48,,446903.0,22842957.0
2026-01-27,5084.85,135.26,,476156.0,28496381.0
2026-01-28,5170.81,85.96,,593109.0,30856467.0
2026-01-29,5221.25,50.44,,699659.0,35870201.0
2026-01-30,5224.36,3.11,,862541.0,35493399.0
2026-02-02,4949.67,274.69,,572544.0,32090618.0
2026-02-03,5288.08,338.41,,672610.0,30015962.0
2026-02-04,5371.1,83.02,,789920.0,30433498.0
2026-02-05,5163.57,207.53,,911910.0,32385641.0
2026-02-06,5089.14,74.43,,745764.0,29912342.0
2026-02-09,5298.04,208.9,,617658.0,26454139.0
2026-02-10,5301.69,3.65,,712268.0,23275930.0
2026-02-11,5354.49,52.8,,753767.0,25625897.0
2026-02-12,5522.27,167.78,,750615.0,32322625.0
2026-02-13,5507.01,15.26,,1290659.0,30820999.0
2026-02-19,5677.25,170.24,,1185838.0,28945961.0
2026-02-20,5808.53,131.28,,1749303.0,33119679.0
2026-02-23,5846.09,37.56,,1477789.0,32044129.0
2026-02-24,5969.64,123.55,,1602005.0,31372731.0
2026-02-25,6083.86,114.22,,1415255.0,35284563.0
2026-02-26,6307.27,223.41,,1409623.0,38930015.0
2026-02-27,6244.13,63.14,,1166058.0,54939339.0
2026-03-03,5791.91,452.22,,1227193.0,52800573.0
2026-03-04,5093.54,698.37,,1637606.0,62882735.0
2026-03-05,5583.9,490.36,,1660710.0,45308990.0
2026-03-06,5584.87,0.97,,1223020.0,31402462.0
2026-03-09,5251.87,333.0,,1026238.0,33163873.0
2026-03-10,5532.59,280.72,,923210.0,28713303.0
2026-03-11,5609.95,77.36,,1050946.0,26619234.0
2026-03-12,5583.25,26.7,,801306.0,23698184.0
2026-03-13,5487.24,96.01,,907656.0,23719676.0
2026-03-16,5549.85,62.61,,1073860.0,21760270.0
2026-03-17,5640.48,90.63,,1121605.0,21817414.0
